INSERT INTO gen_pais (id,nombre,codigo) VALUES ('CO','Colombia','169');
INSERT INTO gen_estado (id,nombre,codigo,pais_id) VALUES
	 (3,'Bogotá','11','CO'),
	 (4,'Bolívar','13','CO'),
	 (5,'Boyacá','15','CO'),
	 (6,'Caldas','17','CO'),
	 (7,'Caquetá','18','CO'),
	 (8,'Cauca','19','CO'),
	 (9,'Cesar','20','CO'),
	 (10,'Córdoba','23','CO'),
	 (11,'Cundinamarca','25','CO'),
	 (12,'Chocó','27','CO'),
	 (13,'Huila','41','CO'),
	 (14,'La Guajira','44','CO'),
	 (15,'Magdalena','47','CO'),
	 (16,'Meta','50','CO'),
	 (17,'Nariño','52','CO'),
	 (18,'Norte de Santander','54','CO'),
	 (19,'Quindío','63','CO'),
	 (20,'Risaralda','66','CO'),
	 (21,'Santander','68','CO'),
	 (22,'Sucre','70','CO'),
	 (23,'Tolima','73','CO'),
	 (24,'Valle del Cauca','76','CO'),
	 (25,'Arauca','81','CO'),
	 (26,'Casanare','85','CO'),
	 (27,'Putumayo','86','CO'),
	 (28,'San Andrés y Providencia','88','CO'),
	 (29,'Amazonas','91','CO'),
	 (30,'Guainía','94','CO'),
	 (31,'Guaviare','95','CO'),
	 (32,'Vaupés','97','CO'),
	 (33,'Vichada','99','CO'),
	 (1,'Antioquia','05','CO'),
	 (2,'Atlántico','08','CO');
INSERT INTO gen_ciudad (id,nombre,latitud,longitud,codigo_postal,porcentaje_impuesto,estado_id,codigo) VALUES
	 (765,'Roberto Payán','1.897581156','-78.3811163','528030',0.00,17,'52621'),
	 (792,'El Carmen','8.867990035','-73.345859216','547070',0.00,18,'54245'),
	 (803,'Mutiscua','7.31694997','-72.768345835','544070',0.00,18,'54480'),
	 (824,'Córdoba','4.395975176','-75.651323077','632020',0.00,19,'63212'),
	 (849,'Aratoca','6.716766585','-73.01162697','682051',0.00,21,'68051'),
	 (871,'El Carmen De Chucurí','6.664260002','-73.564752876','686561',0.00,21,'68235'),
	 (883,'Guadalupe','6.233278248','-73.409774453','683051',0.00,21,'68320'),
	 (886,'Güepsa','6.04656148','-73.578478539','685541',0.00,21,'68327'),
	 (909,'Puerto Parra','6.685278856','-73.957612558','686001',0.00,21,'68573'),
	 (938,'Coveñas','9.394449802','-75.6574915','706050',0.00,22,'70221'),
	 (963,'Anzoátegui','4.623390454','-75.201654227','730540',0.00,23,'73043'),
	 (980,'Honda','5.179416561','-74.783030938','732040',0.00,23,'73349'),
	 (1004,'Villahermosa','4.965753461','-75.155929691','731501',0.00,23,'73870'),
	 (1032,'Palmira','3.558392876','-76.227799721','763532',0.00,24,'76520'),
	 (86,'Sabanalarga','6.901000506','-75.792227535','057020',0.00,1,'05628'),
	 (89,'San Andrés De Cuerquía','6.918427233','-75.6657758','052040',0.00,1,'05647'),
	 (119,'Venecia','5.956576355','-75.777224226','056420',0.00,1,'05861'),
	 (142,'Sabanalarga','10.622507773','-74.955105416','085001',0.00,2,'08638'),
	 (165,'Hatillo De Loba','8.981717133','-74.090719016','133040',0.00,4,'13300'),
	 (171,'Santa Cruz De Mompox','9.142512064','-74.545199057','132560',0.00,4,'13468'),
	 (203,'Boavita','6.337515626','-72.62021239','151060',0.00,5,'15097'),
	 (228,'El Cocuy','6.353363177','-72.419237519','151280',0.00,5,'15244'),
	 (316,'Ventaquemada','5.383385481','-73.520979424','153640',0.00,5,'15861'),
	 (325,'Filadelfia','5.285743777','-75.589787839','171020',0.00,6,'17272'),
	 (334,'Pácora','5.500035035','-75.482450565','172040',0.00,6,'17513'),
	 (357,'San José Del Fragua','1.304702314','-76.110005942','186070',0.00,7,'18610'),
	 (388,'Piendamó - Tunía','2.702420026','-76.537704551','190530',0.00,8,'19548'),
	 (405,'Aguachica','8.248735219','-73.6227405','205010',0.00,9,'20011'),
	 (406,'Agustín Codazzi','9.949215908','-73.223582441','202050',0.00,9,'20013'),
	 (435,'Chinú','9.053287104','-75.373873626','232050',0.00,10,'23182'),
	 (459,'Agua De Dios','4.372744676','-74.671110509','252850',0.00,11,'25001'),
	 (501,'Guayabal De Síquima','4.866310254','-74.476770895','253210',0.00,11,'25328'),
	 (533,'Apulo','4.537711619','-74.591246563','252650',0.00,11,'25599'),
	 (558,'Tocaima','4.452072974','-74.648644062','252840',0.00,11,'25815'),
	 (564,'Une','4.244611163','-74.11187304','251810',0.00,11,'25845'),
	 (569,'Villapinzón','5.227298709','-73.577259209','250810',0.00,11,'25873'),
	 (598,'Río Quito','5.567533337','-76.811570844','272050',0.00,12,'27600'),
	 (621,'La Argentina','2.156287619','-76.006794511','415080',0.00,13,'41378'),
	 (644,'Barrancas','10.948716767','-72.696968794','443040',0.00,14,'44078'),
	 (656,'Villanueva','10.583647554','-72.975202862','445001',0.00,14,'44874'),
	 (677,'Sabanas De San Ángel','10.105330275','-74.264439202','475001',0.00,15,'47660'),
	 (245,'La Uvita','6.265126191','-72.555510848','150860',0.00,5,'15403'),
	 (262,'Pajarito','5.382328949','-72.696726742','152401',0.00,5,'15518'),
	 (285,'Santa Rosa De Viterbo','5.892950301','-72.991727804','150480',0.00,5,'15693'),
	 (708,'Puerto Lleras','3.193092925','-73.236714364','503001',0.00,16,'50577'),
	 (723,'Buesaco','1.315215636','-77.116366395','520501',0.00,17,'52110'),
	 (735,'El Tablón De Gómez','1.409430207','-76.985269588','520530',0.00,17,'52258'),
	 (33,'El Carmen De Viboral','5.978078841','-75.263536102','054030',0.00,1,'05148'),
	 (418,'La Jagua De Ibirico','9.52099808','-73.322493379','203020',0.00,9,'20400'),
	 (884,'Guapotá','6.319299865','-73.331152752','683011',0.00,21,'68322'),
	 (5,'Amagá','6.032921994','-75.708003098','055840',0.00,1,'05030'),
	 (6,'Amalfi','6.977788843','-74.981239298','052840',0.00,1,'05031'),
	 (7,'Andes','5.604993248','-75.941283908','056060',0.00,1,'05034'),
	 (8,'Angelópolis','6.121430303','-75.715949663','055830',0.00,1,'05036'),
	 (9,'Angostura','6.861498764','-75.358315997','051810',0.00,1,'05038'),
	 (10,'Anorí','7.193110778','-75.108489539','052850',0.00,1,'05040'),
	 (11,'Santa Fé De Antioquia','6.535711576','-75.904266579','057050',0.00,1,'05042'),
	 (12,'Anzá','6.293546613','-75.917369269','056850',0.00,1,'05044'),
	 (22,'Ciudad Bolívar','5.840995666','-76.010652526','056460',0.00,1,'05101'),
	 (23,'Briceño','7.111788462','-75.562234738','052060',0.00,1,'05107'),
	 (24,'Buriticá','6.80906489','-75.912065947','057030',0.00,1,'05113'),
	 (25,'Cáceres','7.665155105','-75.223697441','052450',0.00,1,'05120'),
	 (26,'Caicedo','6.423463639','-75.99351498','056840',0.00,1,'05125'),
	 (27,'Caldas','6.054446841','-75.626426743','055440',0.00,1,'05129'),
	 (28,'Campamento','7.036017478','-75.287661778','052020',0.00,1,'05134'),
	 (29,'Cañasgordas','6.814950023','-76.02689632','057060',0.00,1,'05138'),
	 (30,'Caracolí','6.33797388','-74.733548173','053450',0.00,1,'05142'),
	 (31,'Caramanta','5.555275296','-75.630820964','056040',0.00,1,'05145'),
	 (32,'Carepa','7.757967437','-76.643746573','057850',0.00,1,'05147'),
	 (34,'Carolina','6.754821442','-75.305906539','051840',0.00,1,'05150'),
	 (35,'Caucasia','7.867941792','-75.035018239','052410',0.00,1,'05154'),
	 (36,'Chigorodó','7.631665644','-76.639642127','057410',0.00,1,'05172'),
	 (37,'Cisneros','6.550065431','-75.08254116','053050',0.00,1,'05190'),
	 (38,'Cocorná','6.005593074','-75.160154033','054440',0.00,1,'05197'),
	 (39,'Concepción','6.376106187','-75.217859014','053810',0.00,1,'05206'),
	 (40,'Concordia','6.057468678','-75.900146783','056410',0.00,1,'05209'),
	 (41,'Copacabana','6.351882893','-75.50075633','051040',0.00,1,'05212'),
	 (42,'Dabeiba','6.992243782','-76.314263284','057430',0.00,1,'05234'),
	 (43,'Donmatías','6.492403905','-75.422276872','051850',0.00,1,'05237'),
	 (44,'Ebéjico','6.326444922','-75.783311748','055810',0.00,1,'05240'),
	 (45,'El Bagre','7.704633351','-74.664277263','052430',0.00,1,'05250'),
	 (46,'Entrerríos','6.594656004','-75.559130833','051430',0.00,1,'05264'),
	 (47,'Envigado','6.154394922','-75.546867788','055421',0.00,1,'05266'),
	 (48,'Fredonia','5.887702934','-75.679262419','055070',0.00,1,'05282'),
	 (49,'Frontino','6.691364773','-76.33199656','057450',0.00,1,'05284'),
	 (50,'Giraldo','6.663095863','-75.948046628','057040',0.00,1,'05306'),
	 (51,'Girardota','6.379745895','-75.447957442','051030',0.00,1,'05308'),
	 (52,'Gómez Plata','6.709562839','-75.192702912','051830',0.00,1,'05310'),
	 (53,'Granada','6.123380721','-75.127636463','054410',0.00,1,'05313'),
	 (54,'Guadalupe','6.861576325','-75.225913027','051820',0.00,1,'05315'),
	 (55,'Guarne','6.266625703','-75.437308008','054050',0.00,1,'05318'),
	 (56,'Guatapé','6.236329826','-75.156512723','053840',0.00,1,'05321'),
	 (57,'Heliconia','6.214511788','-75.749710019','055820',0.00,1,'05347'),
	 (58,'Hispania','5.797039002','-75.906692028','056450',0.00,1,'05353'),
	 (59,'Itagüí','6.179279438','-75.614203699','055411',0.00,1,'05360'),
	 (60,'Ituango','7.341549718','-75.678422773','052070',0.00,1,'05361'),
	 (61,'Jardín','5.574444339','-75.818425748','056050',0.00,1,'05364'),
	 (62,'Jericó','5.769820536','-75.764882556','056010',0.00,1,'05368'),
	 (63,'La Ceja','5.992524843','-75.430869347','055010',0.00,1,'05376'),
	 (64,'La Estrella','6.137595883','-75.648954991','055460',0.00,1,'05380'),
	 (65,'La Pintada','5.746583958','-75.60220206','055060',0.00,1,'05390'),
	 (66,'La Unión','5.940434685','-75.354290227','055020',0.00,1,'05400'),
	 (67,'Liborina','6.723990935','-75.783000458','051460',0.00,1,'05411'),
	 (68,'Maceo','6.534573585','-74.714108541','053460',0.00,1,'05425'),
	 (69,'Marinilla','6.18520515','-75.304879329','054020',0.00,1,'05440'),
	 (70,'Montebello','5.916853903','-75.519726926','055040',0.00,1,'05467'),
	 (71,'Murindó','6.828773855','-76.708613491','056810',0.00,1,'05475'),
	 (72,'Mutatá','7.329557848','-76.463065695','057420',0.00,1,'05480'),
	 (73,'Nariño','5.581275312','-75.194570185','054840',0.00,1,'05483'),
	 (74,'Necoclí','8.493728551','-76.676995884','057870',0.00,1,'05490'),
	 (75,'Nechí','7.983477394','-74.65844186','052420',0.00,1,'05495'),
	 (76,'Olaya','6.611418083','-75.775670969','051450',0.00,1,'05501'),
	 (77,'Peñol','6.232396368','-75.223509055','053850',0.00,1,'05541'),
	 (78,'Peque','7.044180058','-75.889688434','057010',0.00,1,'05543'),
	 (79,'Pueblorrico','5.80970186','-75.860766666','056440',0.00,1,'05576'),
	 (80,'Puerto Berrío','6.481922267','-74.528742101','053420',0.00,1,'05579'),
	 (81,'Puerto Nare','6.126539139','-74.703177217','053430',0.00,1,'05585'),
	 (82,'Puerto Triunfo','5.954830151','-74.686191798','053440',0.00,1,'05591'),
	 (83,'Remedios','6.997267375','-74.558656518','052820',0.00,1,'05604'),
	 (84,'Retiro','6.053444254','-75.515738045','055430',0.00,1,'05607'),
	 (85,'Rionegro','6.150785807','-75.410760524','054040',0.00,1,'05615'),
	 (1,'Medellín','6.257590259','-75.611031065','050001',0.00,1,'05001'),
	 (2,'Abejorral','5.803728154','-75.438473525','055030',0.00,1,'05002'),
	 (3,'Abriaquí','6.627569378','-76.085977561','057460',0.00,1,'05004'),
	 (4,'Alejandría','6.365534125','-75.090597022','053820',0.00,1,'05021'),
	 (13,'Apartadó','7.86047815','-76.582362643','057841',0.00,1,'05045'),
	 (14,'Arboletes','8.611395262','-76.414783173','057820',0.00,1,'05051'),
	 (15,'Argelia','5.708114524','-75.094697954','054830',0.00,1,'05055'),
	 (16,'Armenia','6.163683758','-75.809955281','055860',0.00,1,'05059'),
	 (17,'Barbosa','6.443417935','-75.329240854','051020',0.00,1,'05079'),
	 (18,'Belmira','6.665853953','-75.68621659','051420',0.00,1,'05086'),
	 (19,'Bello','6.358841086','-75.589735878','051050',0.00,1,'05088'),
	 (20,'Betania','5.727081285','-75.986891074','056070',0.00,1,'05091'),
	 (21,'Betulia','6.185783612','-75.956492463','056860',0.00,1,'05093'),
	 (101,'Santa Bárbara','5.878984956','-75.583303711','055050',0.00,1,'05679'),
	 (102,'Santa Rosa De Osos','6.675827825','-75.438143332','051860',0.00,1,'05686'),
	 (103,'Santo Domingo','6.481044132','-75.142600968','053040',0.00,1,'05690'),
	 (104,'El Santuario','6.124209495','-75.252122776','054450',0.00,1,'05697'),
	 (105,'Segovia','7.26692339','-74.621639263','052810',0.00,1,'05736'),
	 (106,'Sonsón','5.826388779','-74.836376225','054820',0.00,1,'05756'),
	 (107,'Sopetrán','6.520164552','-75.745809033','051440',0.00,1,'05761'),
	 (108,'Támesis','5.673758571','-75.709799743','056020',0.00,1,'05789'),
	 (109,'Tarazá','7.488875998','-75.401894377','052460',0.00,1,'05790'),
	 (110,'Tarso','5.871064557','-75.828711443','056430',0.00,1,'05792'),
	 (111,'Titiribí','6.058349971','-75.799660047','055850',0.00,1,'05809'),
	 (112,'Toledo','7.016397069','-75.71363382','052050',0.00,1,'05819'),
	 (113,'Turbo','8.173851745','-76.574037701','057860',0.00,1,'05837'),
	 (114,'Uramita','6.913916924','-76.133185136','057440',0.00,1,'05842'),
	 (115,'Urrao','6.33534134','-76.259064819','056830',0.00,1,'05847'),
	 (116,'Valdivia','7.265404213','-75.400945015','052010',0.00,1,'05854'),
	 (117,'Valparaíso','5.651937802','-75.630834123','056030',0.00,1,'05856'),
	 (118,'Vegachí','6.836535122','-74.754030203','052830',0.00,1,'05858'),
	 (120,'Vigía Del Fuerte','6.453351334','-76.695048017','056820',0.00,1,'05873'),
	 (121,'Yalí','6.716870679','-74.75565002','053010',0.00,1,'05885'),
	 (122,'Yarumal','6.9881309','-75.454399574','052030',0.00,1,'05887'),
	 (123,'Yolombó','6.64442786','-75.029902658','053020',0.00,1,'05890'),
	 (124,'Yondó','6.925159318','-74.158240414','053410',0.00,1,'05893'),
	 (125,'Zaragoza','7.474004006','-74.858483258','052440',0.00,1,'05895'),
	 (126,'Barranquilla','10.98152051','-74.827715439','080010',0.00,2,'08001'),
	 (127,'Baranoa','10.793293019','-74.922194906','082020',0.00,2,'08078'),
	 (128,'Campo De La Cruz','10.38405079','-74.884660393','084040',0.00,2,'08137'),
	 (129,'Candelaria','10.489020471','-74.877566268','084020',0.00,2,'08141'),
	 (130,'Galapa','10.897719907','-74.887087876','082001',0.00,2,'08296'),
	 (131,'Juan De Acosta','10.823065032','-75.078419039','081040',0.00,2,'08372'),
	 (132,'Luruaco','10.635031161','-75.15402741','085060',0.00,2,'08421'),
	 (133,'Malambo','10.848288642','-74.806175549','083021',0.00,2,'08433'),
	 (134,'Manatí','10.454145546','-74.984773669','085020',0.00,2,'08436'),
	 (135,'Palmar De Varela','10.694812078','-74.770150903','083080',0.00,2,'08520'),
	 (136,'Piojó','10.740789594','-75.143660335','081060',0.00,2,'08549'),
	 (137,'Polonuevo','10.767401414','-74.854148436','082040',0.00,2,'08558'),
	 (138,'Ponedera','10.594651021','-74.798473158','084001',0.00,2,'08560'),
	 (139,'Puerto Colombia','11.004422597','-74.907405804','081001',0.00,2,'08573'),
	 (140,'Repelón','10.507570513','-75.121880527','085040',0.00,2,'08606'),
	 (141,'Sabanagrande','10.798940151','-74.768796603','083040',0.00,2,'08634'),
	 (143,'Santa Lucía','10.35364192','-74.965411787','084080',0.00,2,'08675'),
	 (144,'Santo Tomás','10.755626561','-74.78726468','083060',0.00,2,'08685'),
	 (145,'Soledad','10.906906595','-74.778424903','083005',0.00,2,'08758'),
	 (146,'Suan','10.310850347','-74.907133084','084060',0.00,2,'08770'),
	 (147,'Tubará','10.907219384','-74.98423293','081020',0.00,2,'08832'),
	 (148,'Usiacurí','10.740522657','-74.982674126','082060',0.00,2,'08849'),
	 (149,'Bogotá, D.C.','4.316107698','-74.181072702','111511',0.00,3,'11001'),
	 (150,'Cartagena De Indias','10.463433617','-75.45889915','130005',0.00,4,'13001'),
	 (151,'Achí','8.622943262','-74.478059448','134020',0.00,4,'13006'),
	 (152,'Altos Del Rosario','8.757468863','-74.195158106','133501',0.00,4,'13030'),
	 (153,'Arenal','8.362996158','-74.103019049','134520',0.00,4,'13042'),
	 (154,'Arjona','10.164221225','-75.371217884','131020',0.00,4,'13052'),
	 (155,'Arroyohondo','10.241718047','-75.026904215','131560',0.00,4,'13062'),
	 (156,'Barranco De Loba','8.837077654','-74.279665305','133510',0.00,4,'13074'),
	 (157,'Calamar','10.155170977','-74.999959492','131540',0.00,4,'13140'),
	 (158,'Cantagallo','7.239229146','-74.100140429','135060',0.00,4,'13160'),
	 (159,'Cicuco','9.235268598','-74.688409615','132550',0.00,4,'13188'),
	 (160,'Córdoba','9.540047515','-74.894456346','132501',0.00,4,'13212'),
	 (161,'Clemencia','10.556636955','-75.314466528','130510',0.00,4,'13222'),
	 (162,'El Carmen De Bolívar','9.699819876','-75.157935726','132050',0.00,4,'13244'),
	 (163,'El Guamo','10.034836723','-74.928110717','132001',0.00,4,'13248'),
	 (164,'El Peñón','8.864818786','-73.912301472','133550',0.00,4,'13268'),
	 (87,'Sabaneta','6.138305183','-75.608805993','055450',0.00,1,'05631'),
	 (88,'Salgar','5.970502334','-75.981372511','056470',0.00,1,'05642'),
	 (90,'San Carlos','6.193789659','-74.90732769','054420',0.00,1,'05649'),
	 (91,'San Francisco','5.840093731','-74.98176334','054810',0.00,1,'05652'),
	 (92,'San Jerónimo','6.438300409','-75.703107272','051070',0.00,1,'05656'),
	 (93,'San José De La Montaña','6.823258913','-75.677708262','051410',0.00,1,'05658'),
	 (94,'San Juan De Urabá','8.707141583','-76.532482343','057810',0.00,1,'05659'),
	 (95,'San Luis','6.024205956','-75.007667403','054430',0.00,1,'05660'),
	 (96,'San Pedro De Los Milagros','6.458666308','-75.562483898','051010',0.00,1,'05664'),
	 (97,'San Pedro De Urabá','8.37915695','-76.316642334','057830',0.00,1,'05665'),
	 (98,'San Rafael','6.31074453','-74.998586516','053830',0.00,1,'05667'),
	 (99,'San Roque','6.466165211','-74.945073196','053030',0.00,1,'05670'),
	 (100,'San Vicente Ferrer','6.310387522','-75.327401628','054010',0.00,1,'05674'),
	 (180,'San Jacinto','9.835362011','-75.106092009','132030',0.00,4,'13654'),
	 (181,'San Jacinto Del Cauca','8.212463202','-74.75082','134060',0.00,4,'13655'),
	 (182,'San Juan Nepomuceno','9.967957823','-75.065719587','132010',0.00,4,'13657'),
	 (183,'San Martín De Loba','8.816088444','-74.005999668','133530',0.00,4,'13667'),
	 (184,'San Pablo','7.507922612','-74.103569774','135040',0.00,4,'13670'),
	 (185,'Santa Catalina','10.649812776','-75.26548463','130501',0.00,4,'13673'),
	 (186,'Santa Rosa','10.469207257','-75.361160527','130520',0.00,4,'13683'),
	 (187,'Santa Rosa Del Sur','7.772519173','-74.262728426','135001',0.00,4,'13688'),
	 (188,'Simití','7.851315534','-73.983716091','135020',0.00,4,'13744'),
	 (189,'Soplaviento','10.332090314','-75.116992257','131501',0.00,4,'13760'),
	 (190,'Talaigua Nuevo','9.269516705','-74.586952326','132540',0.00,4,'13780'),
	 (191,'Tiquisio','8.492345176','-74.296761387','134040',0.00,4,'13810'),
	 (192,'Turbaco','10.353107564','-75.379715411','131001',0.00,4,'13836'),
	 (193,'Turbana','10.252769289','-75.432702985','131010',0.00,4,'13838'),
	 (194,'Villanueva','10.444913198','-75.267362754','130530',0.00,4,'13873'),
	 (195,'Zambrano','9.745147021','-74.880670367','132040',0.00,4,'13894'),
	 (196,'Tunja','5.518472615','-73.378018556','150003',0.00,5,'15001'),
	 (197,'Almeida','4.954825081','-73.388134245','153020',0.00,5,'15022'),
	 (198,'Aquitania','5.437416373','-72.871494711','152420',0.00,5,'15047'),
	 (199,'Arcabuco','5.73526424','-73.427931091','154201',0.00,5,'15051'),
	 (200,'Belén','6.005059265','-72.893698873','150640',0.00,5,'15087'),
	 (201,'Berbeo','5.230936356','-73.127319437','152610',0.00,5,'15090'),
	 (202,'Betéitiva','5.920858933','-72.848578763','150610',0.00,5,'15092'),
	 (204,'Boyacá','5.439856216','-73.381369938','153610',0.00,5,'15104'),
	 (205,'Briceño','5.673229265','-73.926607047','154670',0.00,5,'15106'),
	 (206,'Buenavista','5.489399419','-73.950662546','154840',0.00,5,'15109'),
	 (207,'Busbanzá','5.843483731','-72.87574623','152080',0.00,5,'15114'),
	 (208,'Caldas','5.575990669','-73.880575077','154660',0.00,5,'15131'),
	 (209,'Campohermoso','5.006862536','-73.144670302','152640',0.00,5,'15135'),
	 (210,'Cerinza','5.962013698','-72.964472884','150620',0.00,5,'15162'),
	 (211,'Chinavita','5.202971639','-73.340480736','153280',0.00,5,'15172'),
	 (212,'Chiquinquirá','5.622488024','-73.804245312','154640',0.00,5,'15176'),
	 (213,'Chiscas','6.68911806','-72.417956748','151401',0.00,5,'15180'),
	 (214,'Chita','6.091468485','-72.439031738','151601',0.00,5,'15183'),
	 (215,'Chitaraque','5.984394625','-73.425823751','154420',0.00,5,'15185'),
	 (216,'Chivatá','5.556830465','-73.260617153','150240',0.00,5,'15187'),
	 (217,'Ciénega','5.393059633','-73.282057716','153440',0.00,5,'15189'),
	 (218,'Cómbita','5.667822366','-73.321370491','150201',0.00,5,'15204'),
	 (219,'Coper','5.452461072','-74.059965781','154860',0.00,5,'15212'),
	 (220,'Corrales','5.82454582','-72.845448448','152060',0.00,5,'15215'),
	 (221,'Covarachía','6.519521476','-72.740204209','151040',0.00,5,'15218'),
	 (222,'Cubará','6.886954878','-72.181562849','151420',0.00,5,'15223'),
	 (223,'Cucaita','5.527104109','-73.445986459','154060',0.00,5,'15224'),
	 (224,'Cuítiva','5.58775449','-72.939536863','152230',0.00,5,'15226'),
	 (225,'Chíquiza','5.643075648','-73.445623907','154020',0.00,5,'15232'),
	 (226,'Chivor','4.871181606','-73.361423792','153001',0.00,5,'15236'),
	 (227,'Duitama','5.890602515','-73.067094843','150461',0.00,5,'15238'),
	 (229,'El Espino','6.508240556','-72.480496247','151240',0.00,5,'15248'),
	 (230,'Firavitoba','5.67367659','-73.019833516','152250',0.00,5,'15272'),
	 (231,'Floresta','5.85899211','-72.924998265','150601',0.00,5,'15276'),
	 (232,'Gachantivá','5.744105975','-73.542655196','154220',0.00,5,'15293'),
	 (233,'Gámeza','5.799050256','-72.729647651','152020',0.00,5,'15296'),
	 (234,'Garagoa','5.089466651','-73.314302722','152860',0.00,5,'15299'),
	 (235,'Guacamayas','6.445438546','-72.516353323','151220',0.00,5,'15317'),
	 (236,'Guateque','5.01450831','-73.488123516','153050',0.00,5,'15322'),
	 (237,'Guayatá','4.931424341','-73.496633724','153040',0.00,5,'15325'),
	 (238,'Güicán De La Sierra','6.566991765','-72.255993335','151440',0.00,5,'15332'),
	 (239,'Iza','5.617366016','-72.969865044','152240',0.00,5,'15362'),
	 (240,'Jenesano','5.38916272','-73.400870207','153601',0.00,5,'15367'),
	 (241,'Jericó','6.155633662','-72.585230926','150840',0.00,5,'15368'),
	 (242,'Labranzagrande','5.541378132','-72.590384601','151840',0.00,5,'15377'),
	 (243,'La Capilla','5.113167102','-73.459237077','153220',0.00,5,'15380'),
	 (244,'La Victoria','5.507008121','-74.241627269','155001',0.00,5,'15401'),
	 (166,'Magangué','9.053135895','-74.705393181','132512',0.00,4,'13430'),
	 (167,'Mahates','10.178213908','-75.17978161','131040',0.00,4,'13433'),
	 (168,'Margarita','9.054601889','-74.225847059','133020',0.00,4,'13440'),
	 (169,'María La Baja','9.976017168','-75.343802649','131060',0.00,4,'13442'),
	 (170,'Montecristo','8.01710024','-74.463429112','134070',0.00,4,'13458'),
	 (172,'Morales','8.253700061','-73.971345899','134540',0.00,4,'13473'),
	 (173,'Norosí','8.50613476','-74.115889115','134510',0.00,4,'13490'),
	 (174,'Pinillos','8.886315511','-74.408884758','134001',0.00,4,'13549'),
	 (175,'Regidor','8.672628558','-73.914506788','133560',0.00,4,'13580'),
	 (176,'Río Viejo','8.559982465','-73.902986677','134501',0.00,4,'13600'),
	 (177,'San Cristóbal','10.369720871','-75.073338352','131520',0.00,4,'13620'),
	 (178,'San Estanislao','10.364681919','-75.205234868','130540',0.00,4,'13647'),
	 (179,'San Fernando','9.081483143','-74.371866466','133001',0.00,4,'13650'),
	 (259,'Pachavita','5.148323877','-73.399512192','153210',0.00,5,'15511'),
	 (260,'Páez','5.095211035','-73.004358626','152620',0.00,5,'15514'),
	 (261,'Paipa','5.762027786','-73.137774423','150440',0.00,5,'15516'),
	 (263,'Panqueba','6.443299758','-72.461824312','151260',0.00,5,'15522'),
	 (264,'Pauna','5.688801559','-74.005041215','154801',0.00,5,'15531'),
	 (265,'Paya','5.621242742','-72.369290598','151820',0.00,5,'15533'),
	 (266,'Paz De Río','6.030008561','-72.759880177','150680',0.00,5,'15537'),
	 (267,'Pesca','5.498483324','-73.07837993','152460',0.00,5,'15542'),
	 (268,'Pisba','5.768131812','-72.439932321','151801',0.00,5,'15550'),
	 (269,'Puerto Boyacá','5.953466654','-74.452858102','155201',0.00,5,'15572'),
	 (270,'Quípama','5.595729831','-74.268570671','155020',0.00,5,'15580'),
	 (271,'Ramiriquí','5.319934092','-73.310778996','153401',0.00,5,'15599'),
	 (272,'Ráquira','5.496268621','-73.628944376','153801',0.00,5,'15600'),
	 (273,'Rondón','5.379947879','-73.196509947','153420',0.00,5,'15621'),
	 (274,'Saboyá','5.699926051','-73.747994656','154601',0.00,5,'15632'),
	 (275,'Sáchica','5.573464882','-73.543102003','153880',0.00,5,'15638'),
	 (276,'Samacá','5.47053997','-73.521175604','153660',0.00,5,'15646'),
	 (277,'San Eduardo','5.234614686','-73.049140669','152601',0.00,5,'15660'),
	 (278,'San José De Pare','5.994154088','-73.543865224','154460',0.00,5,'15664'),
	 (279,'San Luis De Gaceno','4.798203543','-73.133970184','152801',0.00,5,'15667'),
	 (280,'San Mateo','6.395388812','-72.551848623','151201',0.00,5,'15673'),
	 (281,'San Miguel De Sema','5.532326922','-73.747158978','153820',0.00,5,'15676'),
	 (282,'San Pablo De Borbur','5.677345066','-74.114037486','155040',0.00,5,'15681'),
	 (283,'Santana','6.057614971','-73.489748282','154440',0.00,5,'15686'),
	 (284,'Santa María','4.823002556','-73.253775062','152820',0.00,5,'15690'),
	 (286,'Santa Sofía','5.731602716','-73.603662869','154240',0.00,5,'15696'),
	 (287,'Sativanorte','6.13211793','-72.730324154','150820',0.00,5,'15720'),
	 (288,'Sativasur','6.083405978','-72.724108145','150801',0.00,5,'15723'),
	 (289,'Siachoque','5.498747701','-73.216817778','153460',0.00,5,'15740'),
	 (290,'Soatá','6.323088045','-72.696040893','151001',0.00,5,'15753'),
	 (291,'Socotá','5.906513772','-72.536463605','151620',0.00,5,'15755'),
	 (292,'Socha','5.960498836','-72.682397841','151640',0.00,5,'15757'),
	 (293,'Sogamoso','5.646672053','-72.870956503','152210',0.00,5,'15759'),
	 (294,'Somondoco','4.970974064','-73.428787852','153030',0.00,5,'15761'),
	 (295,'Sora','5.580573191','-73.443718375','154040',0.00,5,'15762'),
	 (296,'Sotaquirá','5.763010553','-73.24352232','150420',0.00,5,'15763'),
	 (297,'Soracá','5.494890461','-73.318999965','153480',0.00,5,'15764'),
	 (298,'Susacón','6.215200578','-72.715756341','150880',0.00,5,'15774'),
	 (299,'Sutamarchán','5.640030759','-73.625987727','153860',0.00,5,'15776'),
	 (300,'Sutatenza','5.030711335','-73.412244005','153060',0.00,5,'15778'),
	 (301,'Tasco','5.882294313','-72.726268173','151660',0.00,5,'15790'),
	 (302,'Tenza','5.071413139','-73.424796988','153201',0.00,5,'15798'),
	 (303,'Tibaná','5.301116649','-73.393252095','153260',0.00,5,'15804'),
	 (304,'Tibasosa','5.747329389','-73.011147244','152260',0.00,5,'15806'),
	 (305,'Tinjacá','5.577566497','-73.676145721','153840',0.00,5,'15808'),
	 (306,'Tipacoque','6.42035349','-72.694635834','151020',0.00,5,'15810'),
	 (307,'Toca','5.580254287','-73.160696902','150260',0.00,5,'15814'),
	 (308,'Togüí','5.921830062','-73.489218055','154401',0.00,5,'15816'),
	 (309,'Tópaga','5.765350303','-72.836729576','152040',0.00,5,'15820'),
	 (310,'Tota','5.501297215','-72.996332969','152440',0.00,5,'15822'),
	 (311,'Tununguá','5.720301516','-73.943309265','154680',0.00,5,'15832'),
	 (312,'Turmequé','5.305697418','-73.509087138','153630',0.00,5,'15835'),
	 (313,'Tuta','5.678126998','-73.173430534','150401',0.00,5,'15837'),
	 (314,'Tutazá','6.078051903','-72.857078319','150660',0.00,5,'15839'),
	 (315,'Úmbita','5.217241368','-73.463384768','153240',0.00,5,'15842'),
	 (317,'Viracachá','5.440558216','-73.266274556','153450',0.00,5,'15879'),
	 (318,'Zetaquira','5.285635983','-73.167630912','152680',0.00,5,'15897'),
	 (319,'Manizales','5.08343301','-75.50727881','170001',0.00,6,'17001'),
	 (320,'Aguadas','5.616204006','-75.455447104','172020',0.00,6,'17013'),
	 (321,'Anserma','5.20029922','-75.752890779','177080',0.00,6,'17042'),
	 (322,'Aranzazu','5.265539969','-75.473926194','171040',0.00,6,'17050'),
	 (323,'Belalcázar','4.99467728','-75.812259892','177001',0.00,6,'17088'),
	 (324,'Chinchiná','4.974340569','-75.659546861','176020',0.00,6,'17174'),
	 (246,'Villa De Leyva','5.665762424','-73.514948003','154001',0.00,5,'15407'),
	 (247,'Macanal','4.980176495','-73.294136946','152840',0.00,5,'15425'),
	 (248,'Maripí','5.569810633','-74.020031272','154820',0.00,5,'15442'),
	 (249,'Miraflores','5.150953297','-73.178967217','152660',0.00,5,'15455'),
	 (250,'Mongua','5.710937981','-72.634028752','152001',0.00,5,'15464'),
	 (251,'Monguí','5.697352228','-72.832986642','152201',0.00,5,'15466'),
	 (252,'Moniquirá','5.863370485','-73.558525378','154260',0.00,5,'15469'),
	 (253,'Motavita','5.606192449','-73.377342665','154080',0.00,5,'15476'),
	 (254,'Muzo','5.539429272','-74.111771391','154880',0.00,5,'15480'),
	 (255,'Nobsa','5.778759851','-72.932683237','152280',0.00,5,'15491'),
	 (256,'Nuevo Colón','5.354701485','-73.448734241','153620',0.00,5,'15494'),
	 (257,'Oicatá','5.610787844','-73.279919053','150220',0.00,5,'15500'),
	 (258,'Otanche','5.753787787','-74.197194226','155060',0.00,5,'15507'),
	 (340,'Samaná','5.519692873','-74.99718577','174001',0.00,6,'17662'),
	 (341,'San José','5.083424513','-75.810178904','177040',0.00,6,'17665'),
	 (342,'Supía','5.45295802','-75.640357045','178020',0.00,6,'17777'),
	 (343,'Victoria','5.447542859','-74.836225017','174030',0.00,6,'17867'),
	 (344,'Villamaría','4.940211591','-75.435440137','176001',0.00,6,'17873'),
	 (345,'Viterbo','5.047822054','-75.879297','177020',0.00,6,'17877'),
	 (346,'Florencia','1.749138704','-75.558239064','180002',0.00,7,'18001'),
	 (347,'Albania','1.22786549','-75.882326508','186030',0.00,7,'18029'),
	 (348,'Belén De Los Andaquíes','1.536174657','-75.909475036','186010',0.00,7,'18094'),
	 (349,'Cartagena Del Chairá','0.647693081','-74.272354991','183010',0.00,7,'18150'),
	 (350,'Curillo','1.115379292','-75.973284517','186050',0.00,7,'18205'),
	 (351,'El Doncello','1.713734697','-75.268781092','181010',0.00,7,'18247'),
	 (352,'El Paujíl','1.476630016','-75.202318246','181030',0.00,7,'18256'),
	 (353,'La Montañita','1.302860442','-75.235727319','181050',0.00,7,'18410'),
	 (354,'Milán','1.146692554','-75.386647638','185030',0.00,7,'18460'),
	 (355,'Morelia','1.38299611','-75.673811234','185010',0.00,7,'18479'),
	 (356,'Puerto Rico','2.018940891','-75.073086267','182050',0.00,7,'18592'),
	 (358,'San Vicente Del Caguán','1.308465061','-74.197469706','182010',0.00,7,'18753'),
	 (359,'Solano','0.096131862','-72.320364019','184010',0.00,7,'18756'),
	 (360,'Solita','0.943939454','-75.646685441','185070',0.00,7,'18785'),
	 (361,'Valparaíso','1.07534915','-75.737790038','185050',0.00,7,'18860'),
	 (362,'Popayán','2.471704362','-76.591944191','190001',0.00,8,'19001'),
	 (363,'Almaguer','1.912440521','-76.834945194','194080',0.00,8,'19022'),
	 (364,'Argelia','2.329337283','-77.26314906','195560',0.00,8,'19050'),
	 (365,'Balboa','2.084732945','-77.208813302','195530',0.00,8,'19075'),
	 (366,'Bolívar','1.853951938','-76.963374538','195001',0.00,8,'19100'),
	 (367,'Buenos Aires','2.988923885','-76.621589509','191001',0.00,8,'19110'),
	 (368,'Cajibío','2.643209848','-76.701389144','190501',0.00,8,'19130'),
	 (369,'Caldono','2.803845691','-76.427193766','192040',0.00,8,'19137'),
	 (370,'Caloto','3.062875557','-76.321279771','191070',0.00,8,'19142'),
	 (371,'Corinto','3.136753606','-76.209645692','191560',0.00,8,'19212'),
	 (372,'El Tambo','2.534488312','-77.005112065','193570',0.00,8,'19256'),
	 (373,'Florencia','1.69453474','-77.087357234','195040',0.00,8,'19290'),
	 (374,'Guachené','3.144389993','-76.392348107','193000',0.00,8,'19300'),
	 (375,'Guapi','2.41326696','-77.690475305','196001',0.00,8,'19318'),
	 (376,'Inzá','2.499058783','-76.137625312','192531',0.00,8,'19355'),
	 (377,'Jambaló','2.84981013','-76.31124919','192020',0.00,8,'19364'),
	 (378,'La Sierra','2.187473572','-76.78228032','194001',0.00,8,'19392'),
	 (379,'La Vega','2.053933426','-76.758806204','194020',0.00,8,'19397'),
	 (380,'López De Micay','2.95819877','-77.242121575','196060',0.00,8,'19418'),
	 (381,'Mercaderes','1.793825164','-77.180603812','195060',0.00,8,'19450'),
	 (382,'Miranda','3.228235212','-76.216708274','191520',0.00,8,'19455'),
	 (383,'Morales','2.773663981','-76.746051522','190550',0.00,8,'19473'),
	 (384,'Padilla','3.194730618','-76.336241803','191540',0.00,8,'19513'),
	 (385,'Páez','2.733887702','-75.993682638','192501',0.00,8,'19517'),
	 (386,'Patía','2.157983906','-77.046576199','195501',0.00,8,'19532'),
	 (387,'Piamonte','1.054128816','-76.444327103','194550',0.00,8,'19533'),
	 (389,'Puerto Tejada','3.266724205','-76.41846353','191501',0.00,8,'19573'),
	 (390,'Puracé','2.262153618','-76.448269377','193001',0.00,8,'19585'),
	 (391,'Rosas','2.260421954','-76.74582033','193550',0.00,8,'19622'),
	 (392,'San Sebastián','1.856261815','-76.716524236','194501',0.00,8,'19693'),
	 (393,'Santander De Quilichao','2.984467338','-76.498731453','191030',0.00,8,'19698'),
	 (394,'Santa Rosa','1.52002179','-76.538762806','194520',0.00,8,'19701'),
	 (395,'Silvia','2.651291894','-76.350573563','192070',0.00,8,'19743'),
	 (396,'Sotará Paispamba','2.231820541','-76.611466326','193501',0.00,8,'19760'),
	 (397,'Suárez','2.936865997','-76.745824296','190580',0.00,8,'19780'),
	 (398,'Sucre','2.057735184','-76.909939647','194060',0.00,8,'19785'),
	 (399,'Timbío','2.369625312','-76.710519323','193520',0.00,8,'19807'),
	 (400,'Timbiquí','2.699475127','-77.491315765','196030',0.00,8,'19809'),
	 (401,'Toribío','2.975771999','-76.203315664','192001',0.00,8,'19821'),
	 (402,'Totoró','2.475213085','-76.39675937','192570',0.00,8,'19824'),
	 (403,'Villa Rica','3.180627317','-76.464455581','191060',0.00,8,'19845'),
	 (404,'Valledupar','10.218902768','-73.457847638','200004',0.00,9,'20001'),
	 (326,'La Dorada','5.410515691','-74.72114262','175030',0.00,6,'17380'),
	 (327,'La Merced','5.393185716','-75.557910707','172060',0.00,6,'17388'),
	 (328,'Manzanares','5.23295391','-75.152634472','173020',0.00,6,'17433'),
	 (329,'Marmato','5.492632029','-75.60209955','178001',0.00,6,'17442'),
	 (330,'Marquetalia','5.309142491','-75.041178923','173040',0.00,6,'17444'),
	 (331,'Marulanda','5.235585244','-75.283166479','173001',0.00,6,'17446'),
	 (332,'Neira','5.183358589','-75.506929774','171001',0.00,6,'17486'),
	 (333,'Norcasia','5.638062349','-74.854927072','175001',0.00,6,'17495'),
	 (335,'Palestina','5.050342543','-75.661762659','176040',0.00,6,'17524'),
	 (336,'Pensilvania','5.407187836','-75.166839962','173060',0.00,6,'17541'),
	 (337,'Riosucio','5.442275418','-75.75220499','178040',0.00,6,'17614'),
	 (338,'Risaralda','5.097563816','-75.733351662','177060',0.00,6,'17616'),
	 (339,'Salamina','5.370332425','-75.409621766','172001',0.00,6,'17653'),
	 (421,'Pelaya','8.764116734','-73.632955464','204040',0.00,9,'20550'),
	 (422,'Pueblo Bello','10.417368738','-73.614506323','201001',0.00,9,'20570'),
	 (423,'Río De Oro','8.201070245','-73.487501265','205040',0.00,9,'20614'),
	 (424,'La Paz','10.244405624','-73.078245692','202010',0.00,9,'20621'),
	 (425,'San Alberto','7.769815987','-73.472188879','205070',0.00,9,'20710'),
	 (426,'San Diego','10.169527121','-73.287982702','202030',0.00,9,'20750'),
	 (427,'San Martín','7.937788454','-73.544363121','205050',0.00,9,'20770'),
	 (428,'Tamalameque','8.902075012','-73.763396197','204020',0.00,9,'20787'),
	 (429,'Montería','8.584698016','-75.950550788','230004',0.00,10,'23001'),
	 (430,'Ayapel','8.265768688','-75.048684357','233530',0.00,10,'23068'),
	 (431,'Buenavista','8.191397953','-75.433825319','233020',0.00,10,'23079'),
	 (432,'Canalete','8.7240958','-76.237790807','235040',0.00,10,'23090'),
	 (433,'Cereté','8.895667051','-75.878423912','230550',0.00,10,'23162'),
	 (434,'Chimá','9.11024941','-75.652373511','232010',0.00,10,'23168'),
	 (436,'Ciénaga De Oro','8.841811894','-75.607798292','232520',0.00,10,'23189'),
	 (437,'Cotorra','9.071460219','-75.754592755','230501',0.00,10,'23300'),
	 (438,'La Apartada','8.052218422','-75.28816022','233501',0.00,10,'23350'),
	 (439,'Lorica','9.165034998','-75.909781236','231020',0.00,10,'23417'),
	 (440,'Los Córdobas','8.823307063','-76.343055201','235020',0.00,10,'23419'),
	 (441,'Momil','9.265461621','-75.650908762','232001',0.00,10,'23464'),
	 (442,'Montelíbano','7.866432635','-75.875339255','234001',0.00,10,'23466'),
	 (443,'Moñitos','9.190515343','-76.119317094','231001',0.00,10,'23500'),
	 (444,'Planeta Rica','8.181108488','-75.68923803','233040',0.00,10,'23555'),
	 (445,'Pueblo Nuevo','8.481339568','-75.405161542','233001',0.00,10,'23570'),
	 (446,'Puerto Escondido','8.988667731','-76.194059124','235001',0.00,10,'23574'),
	 (447,'Puerto Libertador','7.711515736','-75.771232238','234030',0.00,10,'23580'),
	 (448,'Purísima De La Concepción','9.282386127','-75.721293921','231540',0.00,10,'23586'),
	 (449,'Sahagún','8.799007016','-75.429256639','232540',0.00,10,'23660'),
	 (450,'San Andrés De Sotavento','9.121296353','-75.520917113','232030',0.00,10,'23670'),
	 (451,'San Antero','9.359667489','-75.787002521','231520',0.00,10,'23672'),
	 (452,'San Bernardo Del Viento','9.330098329','-75.976238578','231501',0.00,10,'23675'),
	 (453,'San Carlos','8.706464263','-75.692518245','232501',0.00,10,'23678'),
	 (454,'San José De Uré','7.753054395','-75.567247397','234010',0.00,10,'23682'),
	 (455,'San Pelayo','8.987777392','-75.909587708','230520',0.00,10,'23686'),
	 (456,'Tierralta','7.813896829','-76.16846678','234501',0.00,10,'23807'),
	 (457,'Tuchín','9.224630803','-75.544105925','232020',0.00,10,'23815'),
	 (458,'Valencia','8.219904128','-76.2213286','234530',0.00,10,'23855'),
	 (460,'Albán','4.891121638','-74.442784317','253201',0.00,11,'25019'),
	 (461,'Anapoima','4.559962881','-74.525695298','252640',0.00,11,'25035'),
	 (462,'Anolaima','4.789313614','-74.461942563','253040',0.00,11,'25040'),
	 (463,'Arbeláez','4.232786985','-74.395762911','252001',0.00,11,'25053'),
	 (464,'Beltrán','4.791721105','-74.714913986','253260',0.00,11,'25086'),
	 (465,'Bituima','4.847821091','-74.528627661','253220',0.00,11,'25095'),
	 (466,'Bojacá','4.705576252','-74.335407699','253001',0.00,11,'25099'),
	 (467,'Cabrera','3.91861924','-74.44615606','252040',0.00,11,'25120'),
	 (468,'Cachipay','4.723063341','-74.459195283','253020',0.00,11,'25123'),
	 (469,'Cajicá','4.930402779','-74.029851152','250240',0.00,11,'25126'),
	 (470,'Caparrapí','5.381501399','-74.521235947','253460',0.00,11,'25148'),
	 (471,'Cáqueza','4.402259457','-73.94482435','251820',0.00,11,'25151'),
	 (472,'Carmen De Carupa','5.338856556','-73.926148172','250420',0.00,11,'25154'),
	 (473,'Chaguaní','4.95425175','-74.630901385','253240',0.00,11,'25168'),
	 (474,'Chía','4.857823671','-74.038095385','250001',0.00,11,'25175'),
	 (475,'Chipaque','4.463746629','-74.04605246','251801',0.00,11,'25178'),
	 (476,'Choachí','4.578183896','-73.952900544','251620',0.00,11,'25181'),
	 (477,'Chocontá','5.118419271','-73.680685831','250801',0.00,11,'25183'),
	 (478,'Cogua','5.103127532','-73.97536559','250401',0.00,11,'25200'),
	 (480,'Cucunubá','5.230308105','-73.780018849','250450',0.00,11,'25224'),
	 (481,'El Colegio','4.556947085','-74.426584776','252630',0.00,11,'25245'),
	 (482,'El Peñón','5.261728244','-74.308305639','254020',0.00,11,'25258'),
	 (483,'El Rosal','4.879723016','-74.238022729','250210',0.00,11,'25260'),
	 (484,'Facatativá','4.834052334','-74.338022898','253052',0.00,11,'25269'),
	 (485,'Fómeque','4.528568462','-73.797052666','251640',0.00,11,'25279'),
	 (407,'Astrea','9.510727925','-73.942146411','201040',0.00,9,'20032'),
	 (408,'Becerril','9.727732939','-73.252505222','203001',0.00,9,'20045'),
	 (409,'Bosconia','9.946391309','-73.866288153','201020',0.00,9,'20060'),
	 (410,'Chimichagua','9.27797765','-73.846979027','201050',0.00,9,'20175'),
	 (411,'Chiriguaná','9.426648354','-73.547978944','203040',0.00,9,'20178'),
	 (412,'Curumaní','9.238771332','-73.488108612','203060',0.00,9,'20228'),
	 (413,'El Copey','10.199953563','-73.912820636','201010',0.00,9,'20238'),
	 (414,'El Paso','9.683474681','-73.738337782','201030',0.00,9,'20250'),
	 (415,'Gamarra','8.337726622','-73.706491986','205001',0.00,9,'20295'),
	 (416,'González','8.405516522','-73.375373085','205030',0.00,9,'20310'),
	 (417,'La Gloria','8.588002247','-73.616023836','204060',0.00,9,'20383'),
	 (419,'Manaure Balcón Del Cesar','10.38027852','-73.007062754','202001',0.00,9,'20443'),
	 (420,'Pailitas','8.938916143','-73.572472125','204001',0.00,9,'20517'),
	 (499,'Guataquí','4.516381655','-74.782577881','252820',0.00,11,'25324'),
	 (498,'Guasca','4.801276832','-73.846434852','251210',0.00,11,'25322'),
	 (500,'Guatavita','4.91158717','-73.786485644','251060',0.00,11,'25326'),
	 (502,'Guayabetal','4.231875945','-73.835439807','251850',0.00,11,'25335'),
	 (503,'Gutiérrez','4.166089563','-74.024652702','251860',0.00,11,'25339'),
	 (504,'Jerusalén','4.571350254','-74.689158536','252810',0.00,11,'25368'),
	 (505,'Junín','4.705170789','-73.692478732','251220',0.00,11,'25372'),
	 (506,'La Calera','4.700785443','-73.929399208','251201',0.00,11,'25377'),
	 (507,'La Mesa','4.650773167','-74.473217169','252601',0.00,11,'25386'),
	 (508,'La Palma','5.333400646','-74.40807863','253801',0.00,11,'25394'),
	 (509,'La Peña','5.20459882','-74.407866109','253640',0.00,11,'25398'),
	 (510,'La Vega','4.978619842','-74.339360611','253610',0.00,11,'25402'),
	 (511,'Lenguazaque','5.303637171','-73.681532277','250601',0.00,11,'25407'),
	 (512,'Machetá','5.040349198','-73.617382409','250840',0.00,11,'25426'),
	 (513,'Madrid','4.75156751','-74.289630496','250030',0.00,11,'25430'),
	 (514,'Manta','4.976881151','-73.563137406','250830',0.00,11,'25436'),
	 (515,'Medina','4.484437919','-73.405984868','251420',0.00,11,'25438'),
	 (516,'Mosquera','4.672714223','-74.235731935','250040',0.00,11,'25473'),
	 (517,'Nariño','4.407952015','-74.80565317','252830',0.00,11,'25483'),
	 (518,'Nemocón','5.093705358','-73.883802375','251030',0.00,11,'25486'),
	 (519,'Nilo','4.294780933','-74.614694997','252401',0.00,11,'25488'),
	 (520,'Nimaima','5.121445325','-74.397370483','253630',0.00,11,'25489'),
	 (521,'Nocaima','5.066110761','-74.389754758','253620',0.00,11,'25491'),
	 (522,'Venecia','4.063342074','-74.452597955','252030',0.00,11,'25506'),
	 (523,'Pacho','5.168367634','-74.163365443','254001',0.00,11,'25513'),
	 (524,'Paime','5.387647345','-74.163956956','254040',0.00,11,'25518'),
	 (525,'Pandi','4.180497268','-74.471121297','252010',0.00,11,'25524'),
	 (526,'Paratebueno','4.368158959','-73.241661397','251401',0.00,11,'25530'),
	 (527,'Pasca','4.293733611','-74.27396924','252201',0.00,11,'25535'),
	 (528,'Puerto Salgar','5.619752748','-74.580192303','253480',0.00,11,'25572'),
	 (529,'Pulí','4.691336253','-74.680744036','252801',0.00,11,'25580'),
	 (530,'Quebradanegra','5.09998103','-74.494510697','253420',0.00,11,'25592'),
	 (531,'Quetame','4.334589044','-73.85264561','251840',0.00,11,'25594'),
	 (532,'Quipile','4.726907976','-74.553599262','253030',0.00,11,'25596'),
	 (534,'Ricaurte','4.307363489','-74.729434034','252410',0.00,11,'25612'),
	 (535,'San Antonio Del Tequendama','4.599741357','-74.344903416','252620',0.00,11,'25645'),
	 (536,'San Bernardo','4.140958464','-74.353976921','252020',0.00,11,'25649'),
	 (537,'San Cayetano','5.314600423','-74.072320771','254050',0.00,11,'25653'),
	 (538,'San Francisco','4.964100703','-74.272171286','253601',0.00,11,'25658'),
	 (539,'San Juan De Rioseco','4.814537831','-74.615259849','253250',0.00,11,'25662'),
	 (540,'Sasaima','4.946805263','-74.412309212','253401',0.00,11,'25718'),
	 (541,'Sesquilé','5.000633875','-73.772065443','251050',0.00,11,'25736'),
	 (542,'Sibaté','4.465970004','-74.263289627','250070',0.00,11,'25740'),
	 (543,'Silvania','4.436967141','-74.37050903','252240',0.00,11,'25743'),
	 (544,'Simijaca','5.509773128','-73.845191644','250640',0.00,11,'25745'),
	 (545,'Soacha','4.581866267','-74.240296958','250051',0.00,11,'25754'),
	 (546,'Sopó','4.888060112','-73.965875277','251001',0.00,11,'25758'),
	 (547,'Subachoque','4.970358034','-74.156899234','250220',0.00,11,'25769'),
	 (548,'Suesca','5.122728461','-73.824273125','251040',0.00,11,'25772'),
	 (549,'Supatá','5.061692703','-74.231383276','253660',0.00,11,'25777'),
	 (550,'Susa','5.440092358','-73.823925286','250630',0.00,11,'25779'),
	 (551,'Sutatausa','5.242909347','-73.855403428','250440',0.00,11,'25781'),
	 (552,'Tabio','4.951520046','-74.08449648','250230',0.00,11,'25785'),
	 (553,'Tausa','5.170527212','-73.958195935','250410',0.00,11,'25793'),
	 (554,'Tena','4.666608192','-74.367649558','252610',0.00,11,'25797'),
	 (555,'Tenjo','4.838548601','-74.146802872','250201',0.00,11,'25799'),
	 (556,'Tibacuy','4.321357899','-74.486672741','252230',0.00,11,'25805'),
	 (557,'Tibirita','5.084102682','-73.513625457','250820',0.00,11,'25807'),
	 (559,'Tocancipá','4.968852913','-73.928870205','251010',0.00,11,'25817'),
	 (560,'Topaipí','5.355688386','-74.289639943','253820',0.00,11,'25823'),
	 (561,'Ubalá','4.803805182','-73.47654604','251260',0.00,11,'25839'),
	 (562,'Ubaque','4.500754182','-73.975645447','251601',0.00,11,'25841'),
	 (563,'Villa De San Diego De Ubaté','5.316080652','-73.820105663','250430',0.00,11,'25843'),
	 (479,'Cota','4.76754674','-74.141558295','250010',0.00,11,'25214'),
	 (486,'Fosca','4.316280072','-73.952867838','251830',0.00,11,'25281'),
	 (487,'Funza','4.743996711','-74.198659923','250020',0.00,11,'25286'),
	 (488,'Fúquene','5.416288902','-73.770598289','250620',0.00,11,'25288'),
	 (489,'Fusagasugá','4.323534028','-74.388591139','252211',0.00,11,'25290'),
	 (490,'Gachalá','4.65495513','-73.510553814','251250',0.00,11,'25293'),
	 (491,'Gachancipá','5.01001953','-73.87671759','251020',0.00,11,'25295'),
	 (492,'Gachetá','4.867551134','-73.617732872','251230',0.00,11,'25297'),
	 (493,'Gama','4.723573464','-73.600544414','251240',0.00,11,'25299'),
	 (494,'Girardot','4.338154518','-74.811439221','252431',0.00,11,'25307'),
	 (495,'Granada','4.523484884','-74.337246192','252250',0.00,11,'25312'),
	 (496,'Guachetá','5.387291542','-73.693282341','250610',0.00,11,'25317'),
	 (497,'Guaduas','5.173554764','-74.640146507','253440',0.00,11,'25320'),
	 (579,'Bagadó','5.503119772','-76.197969065','271050',0.00,12,'27073'),
	 (580,'Bahía Solano','6.162762775','-77.416535344','276030',0.00,12,'27075'),
	 (581,'Bajo Baudó','4.492865435','-77.082713524','275030',0.00,12,'27077'),
	 (582,'Bojayá','6.474666885','-77.09933025','277050',0.00,12,'27099'),
	 (583,'El Cantón Del San Pablo','5.359661967','-76.772556244','272040',0.00,12,'27135'),
	 (584,'Carmen Del Darién','7.033646541','-76.974230164','277030',0.00,12,'27150'),
	 (585,'Cértegui','5.389828229','-76.522642368','272020',0.00,12,'27160'),
	 (586,'Condoto','5.070586101','-76.50701751','273030',0.00,12,'27205'),
	 (587,'El Carmen De Atrato','5.810938364','-76.191894424','271010',0.00,12,'27245'),
	 (588,'El Litoral Del San Juan','4.272940191','-76.987858279','275050',0.00,12,'27250'),
	 (589,'Istmina','4.586818665','-77.000907374','274010',0.00,12,'27361'),
	 (590,'Juradó','7.103338868','-77.679736621','276010',0.00,12,'27372'),
	 (591,'Lloró','5.585101179','-76.385444488','271030',0.00,12,'27413'),
	 (592,'Medio Atrato','6.033880098','-76.673469703','270070',0.00,12,'27425'),
	 (593,'Medio Baudó','5.110392243','-76.995930752','275010',0.00,12,'27430'),
	 (594,'Medio San Juan','4.621182739','-76.808618427','274030',0.00,12,'27450'),
	 (595,'Nóvita','4.853386627','-76.618236685','273050',0.00,12,'27491'),
	 (596,'Nuquí','5.591359844','-77.330574386','276050',0.00,12,'27495'),
	 (597,'Río Iró','5.190995015','-76.41996151','273010',0.00,12,'27580'),
	 (599,'Riosucio','7.389887937','-77.240674833','278050',0.00,12,'27615'),
	 (600,'San José Del Palmar','4.958741345','-76.280023606','273070',0.00,12,'27660'),
	 (601,'Sipí','4.594415157','-76.541944593','274050',0.00,12,'27745'),
	 (602,'Tadó','5.26610158','-76.331095472','271070',0.00,12,'27787'),
	 (603,'Unguía','8.117281079','-77.10372723','278030',0.00,12,'27800'),
	 (604,'Unión Panamericana','5.281599258','-76.619627455','272030',0.00,12,'27810'),
	 (605,'Neiva','2.993360046','-75.272362322','410010',0.00,13,'41001'),
	 (606,'Acevedo','1.709114446','-75.996641844','417070',0.00,13,'41006'),
	 (607,'Agrado','2.26975042','-75.716322355','414040',0.00,13,'41013'),
	 (608,'Aipe','3.243441923','-75.276706552','411001',0.00,13,'41016'),
	 (609,'Algeciras','2.49785068','-75.291349457','413040',0.00,13,'41020'),
	 (610,'Altamira','2.07922808','-75.768582878','416020',0.00,13,'41026'),
	 (611,'Baraya','3.135423634','-74.957977964','411060',0.00,13,'41078'),
	 (612,'Campoalegre','2.658666675','-75.329438026','413020',0.00,13,'41132'),
	 (613,'Colombia','3.262763564','-74.785161172','411080',0.00,13,'41206'),
	 (614,'Elías','2.022053305','-75.944305207','417001',0.00,13,'41244'),
	 (615,'Garzón','2.172441496','-75.571312425','414020',0.00,13,'41298'),
	 (616,'Gigante','2.371781539','-75.516997536','414001',0.00,13,'41306'),
	 (617,'Guadalupe','1.984394016','-75.696935488','416040',0.00,13,'41319'),
	 (618,'Hobo','2.541654161','-75.447810831','413060',0.00,13,'41349'),
	 (619,'Íquira','2.691517773','-75.673831406','412060',0.00,13,'41357'),
	 (620,'Isnos','1.945591321','-76.182047216','418040',0.00,13,'41359'),
	 (622,'La Plata','2.328076586','-76.001172988','415060',0.00,13,'41396'),
	 (623,'Nátaga','2.576066285','-75.786937574','415020',0.00,13,'41483'),
	 (624,'Oporapa','2.061191362','-76.04110289','418001',0.00,13,'41503'),
	 (625,'Paicol','2.40689827','-75.72803027','415040',0.00,13,'41518'),
	 (626,'Palermo','2.914491967','-75.440661177','412001',0.00,13,'41524'),
	 (627,'Palestina','1.68458076','-76.147855897','417060',0.00,13,'41530'),
	 (628,'Pital','2.259601773','-75.831951604','414060',0.00,13,'41548'),
	 (629,'Pitalito','1.848217185','-76.05217643','417030',0.00,13,'41551'),
	 (630,'Rivera','2.79286115','-75.235368675','413001',0.00,13,'41615'),
	 (631,'Saladoblanco','2.100382849','-76.228978708','418020',0.00,13,'41660'),
	 (632,'San Agustín','1.924165493','-76.416565503','418060',0.00,13,'41668'),
	 (633,'Santa María','2.926265937','-75.633597855','412020',0.00,13,'41676'),
	 (634,'Suaza','1.870992095','-75.807984706','416080',0.00,13,'41770'),
	 (635,'Tarqui','2.130280544','-75.875348449','416001',0.00,13,'41791'),
	 (636,'Tesalia','2.526855132','-75.68259642','415001',0.00,13,'41797'),
	 (637,'Tello','3.030611777','-75.08536553','411040',0.00,13,'41799'),
	 (638,'Teruel','2.851852692','-75.759889336','412040',0.00,13,'41801'),
	 (639,'Timaná','1.950715226','-75.917576487','417010',0.00,13,'41807'),
	 (640,'Villavieja','3.287057875','-75.13838292','411020',0.00,13,'41872'),
	 (641,'Yaguará','2.646563339','-75.515926448','412080',0.00,13,'41885'),
	 (642,'Riohacha','11.242972141','-72.958763152','440001',0.00,14,'44001'),
	 (643,'Albania','11.228690485','-72.532096574','443001',0.00,14,'44035'),
	 (565,'Útica','5.192795708','-74.477800029','253430',0.00,11,'25851'),
	 (566,'Vergara','5.131267542','-74.309792287','253650',0.00,11,'25862'),
	 (567,'Vianí','4.914040619','-74.549366548','253230',0.00,11,'25867'),
	 (568,'Villagómez','5.270694636','-74.190743751','254030',0.00,11,'25871'),
	 (570,'Villeta','5.011670402','-74.487647455','253410',0.00,11,'25875'),
	 (571,'Viotá','4.436054105','-74.485433391','252660',0.00,11,'25878'),
	 (572,'Yacopí','5.591910157','-74.364808653','253840',0.00,11,'25885'),
	 (573,'Zipacón','4.75432173','-74.386734443','253010',0.00,11,'25898'),
	 (574,'Zipaquirá','5.06631685','-74.049603234','250251',0.00,11,'25899'),
	 (575,'Quibdó','5.7543229','-76.65015147','270002',0.00,12,'27001'),
	 (576,'Acandí','8.383938499','-77.265602561','278010',0.00,12,'27006'),
	 (577,'Alto Baudó','5.636740989','-77.084215399','276070',0.00,12,'27025'),
	 (578,'Atrato','5.525825084','-76.650643569','272010',0.00,12,'27050'),
	 (659,'Aracataca','10.644908765','-73.879722568','472001',0.00,15,'47053'),
	 (660,'Ariguaní','9.834264955','-74.084600846','475010',0.00,15,'47058'),
	 (661,'Cerro De San Antonio','10.313293299','-74.80834413','476020',0.00,15,'47161'),
	 (662,'Chivolo','10.099519608','-74.526066666','476060',0.00,15,'47170'),
	 (663,'Ciénaga','10.857545516','-74.025004934','478002',0.00,15,'47189'),
	 (664,'Concordia','10.232848013','-74.778101753','476030',0.00,15,'47205'),
	 (665,'El Banco','9.114930635','-73.981054905','473040',0.00,15,'47245'),
	 (666,'El Piñón','10.343109882','-74.678177555','476001',0.00,15,'47258'),
	 (667,'El Retén','10.659616964','-74.325159702','478060',0.00,15,'47268'),
	 (668,'Fundación','10.459378178','-73.884065179','472020',0.00,15,'47288'),
	 (669,'Guamal','9.248004673','-74.139680847','473020',0.00,15,'47318'),
	 (670,'Nueva Granada','9.735998134','-74.32840222','475020',0.00,15,'47460'),
	 (671,'Pedraza','10.154295459','-74.831780906','476040',0.00,15,'47541'),
	 (672,'Pijiño Del Carmen','9.530748654','-74.144765702','474040',0.00,15,'47545'),
	 (673,'Pivijay','10.433033993','-74.412511966','477050',0.00,15,'47551'),
	 (674,'Plato','9.76945611','-74.601815758','475030',0.00,15,'47555'),
	 (675,'Puebloviejo','10.847589014','-74.360579422','478040',0.00,15,'47570'),
	 (676,'Remolino','10.648603506','-74.581068226','477020',0.00,15,'47605'),
	 (678,'Salamina','10.51538178','-74.722969716','477040',0.00,15,'47675'),
	 (679,'San Sebastián De Buenavista','9.380680272','-74.197979884','473001',0.00,15,'47692'),
	 (680,'San Zenón','9.306869548','-74.358516443','474060',0.00,15,'47703'),
	 (681,'Santa Ana','9.503097215','-74.444193806','474020',0.00,15,'47707'),
	 (682,'Santa Bárbara De Pinto','9.484388135','-74.665211779','474001',0.00,15,'47720'),
	 (683,'Sitionuevo','10.89027616','-74.629660378','477001',0.00,15,'47745'),
	 (684,'Tenerife','9.924701267','-74.732630011','475050',0.00,15,'47798'),
	 (685,'Zapayán','10.117798928','-74.691154562','476050',0.00,15,'47960'),
	 (686,'Zona Bananera','10.796346583','-74.177983168','478020',0.00,15,'47980'),
	 (687,'Villavicencio','4.09166877','-73.492915945','500004',0.00,16,'50001'),
	 (688,'Acacías','3.943383008','-73.571351617','507001',0.00,16,'50006'),
	 (689,'Barranca De Upía','4.519076127','-72.995489813','501001',0.00,16,'50110'),
	 (690,'Cabuyaro','4.315244759','-72.952688956','501011',0.00,16,'50124'),
	 (691,'Castilla La Nueva','3.805154089','-73.538866677','507041',0.00,16,'50150'),
	 (692,'Cubarral','3.834631516','-74.062324943','506001',0.00,16,'50223'),
	 (693,'Cumaral','4.232526389','-73.314775392','501021',0.00,16,'50226'),
	 (694,'El Calvario','4.353769888','-73.714416844','501041',0.00,16,'50245'),
	 (695,'El Castillo','3.60282633','-73.894452375','506041',0.00,16,'50251'),
	 (696,'El Dorado','3.706969785','-73.831618922','506021',0.00,16,'50270'),
	 (697,'Fuente De Oro','3.382370124','-73.596254293','504021',0.00,16,'50287'),
	 (698,'Granada','3.441051399','-73.761154704','504001',0.00,16,'50313'),
	 (699,'Guamal','3.947775585','-73.959838638','507051',0.00,16,'50318'),
	 (700,'Mapiripán','3.117523361','-71.938056916','503021',0.00,16,'50325'),
	 (701,'Mesetas','3.154771201','-74.124548242','505001',0.00,16,'50330'),
	 (702,'La Macarena','2.161863917','-74.094880756','505021',0.00,16,'50350'),
	 (703,'Uribe','3.047726858','-74.430661339','505041',0.00,16,'50370'),
	 (704,'Lejanías','3.614714873','-74.096284667','506061',0.00,16,'50400'),
	 (705,'Puerto Concordia','2.752260112','-72.721094102','503041',0.00,16,'50450'),
	 (706,'Puerto Gaitán','4.005034467','-71.631574285','502041',0.00,16,'50568'),
	 (707,'Puerto López','4.014298921','-72.645704992','502001',0.00,16,'50573'),
	 (709,'Puerto Rico','2.758083657','-73.137801709','503061',0.00,16,'50590'),
	 (710,'Restrepo','4.204310977','-73.502260369','501031',0.00,16,'50606'),
	 (711,'San Carlos De Guaroa','3.84761678','-73.275834014','507011',0.00,16,'50680'),
	 (712,'San Juan De Arama','3.289851171','-73.816352434','504041',0.00,16,'50683'),
	 (713,'San Juanito','4.471346322','-73.660413554','501051',0.00,16,'50686'),
	 (714,'San Martín','3.515860962','-72.656727424','507021',0.00,16,'50689'),
	 (715,'Vistahermosa','2.811616698','-73.666522336','504061',0.00,16,'50711'),
	 (716,'Pasto','1.083605497','-77.206100743','520002',0.00,17,'52001'),
	 (717,'Albán','1.469854084','-77.068809472','521050',0.00,17,'52019'),
	 (718,'Aldana','0.913431916','-77.695387307','524540',0.00,17,'52022'),
	 (719,'Ancuya','1.245254077','-77.53115777','526001',0.00,17,'52036'),
	 (720,'Arboleda','1.480051172','-77.129850006','520570',0.00,17,'52051'),
	 (721,'Barbacoas','1.44563774','-78.156210724','528060',0.00,17,'52079'),
	 (722,'Belén','1.593645287','-77.019993659','521080',0.00,17,'52083'),
	 (645,'Dibulla','11.090297147','-73.435687876','446001',0.00,14,'44090'),
	 (646,'Distracción','10.925051067','-72.944440273','444001',0.00,14,'44098'),
	 (647,'El Molino','10.636696455','-72.8858431','444050',0.00,14,'44110'),
	 (648,'Fonseca','10.8283716','-72.801817799','444010',0.00,14,'44279'),
	 (649,'Hatonuevo','11.099055817','-72.738424272','443020',0.00,14,'44378'),
	 (650,'La Jagua Del Pilar','10.4580941','-73.072091927','445040',0.00,14,'44420'),
	 (651,'Maicao','11.381577644','-72.295008177','442001',0.00,14,'44430'),
	 (652,'Manaure','11.605542633','-72.571603922','441001',0.00,14,'44560'),
	 (653,'San Juan Del Cesar','10.81311496','-73.086599864','444030',0.00,14,'44650'),
	 (654,'Uribia','11.999719855','-71.748826616','441020',0.00,14,'44847'),
	 (655,'Urumita','10.494702101','-72.986239906','445020',0.00,14,'44855'),
	 (657,'Santa Marta','11.121894357','-73.885278551','470001',0.00,15,'47001'),
	 (658,'Algarrobo','10.253564748','-74.103230272','472040',0.00,15,'47030'),
	 (738,'Guachucal','0.975037904','-77.737589414','524580',0.00,17,'52317'),
	 (739,'Guaitarilla','1.151366658','-77.530113362','525501',0.00,17,'52320'),
	 (740,'Gualmatán','0.928642623','-77.582618827','524501',0.00,17,'52323'),
	 (741,'Iles','0.980534037','-77.518657295','523060',0.00,17,'52352'),
	 (742,'Imués','1.07287697','-77.501508644','523020',0.00,17,'52354'),
	 (743,'Ipiales','0.497708465','-77.240476252','524060',0.00,17,'52356'),
	 (744,'La Cruz','1.584175998','-76.923352621','521020',0.00,17,'52378'),
	 (745,'La Florida','1.338034371','-77.422930412','522040',0.00,17,'52381'),
	 (746,'La Llanada','1.541847847','-77.61781608','526501',0.00,17,'52385'),
	 (747,'La Tola','2.56027333','-78.235066941','527540',0.00,17,'52390'),
	 (748,'La Unión','1.619697376','-77.142846218','521520',0.00,17,'52399'),
	 (749,'Leiva','1.900862361','-77.31220073','527060',0.00,17,'52405'),
	 (750,'Linares','1.395173084','-77.520937738','522501',0.00,17,'52411'),
	 (751,'Los Andes','1.672601269','-77.710544487','526520',0.00,17,'52418'),
	 (752,'Magüí','1.906858429','-78.044736438','528001',0.00,17,'52427'),
	 (753,'Mallama','1.155947016','-77.846646464','525060',0.00,17,'52435'),
	 (754,'Mosquera','2.442493698','-78.438827004','527580',0.00,17,'52473'),
	 (755,'Nariño','1.286775273','-77.352203665','522020',0.00,17,'52480'),
	 (756,'Olaya Herrera','2.287856547','-78.31219024','527560',0.00,17,'52490'),
	 (757,'Ospina','1.029815854','-77.552349435','523040',0.00,17,'52506'),
	 (758,'Francisco Pizarro','2.088531925','-78.591930987','528560',0.00,17,'52520'),
	 (759,'Policarpa','1.735354202','-77.48134359','527001',0.00,17,'52540'),
	 (760,'Potosí','0.785841088','-77.528704073','524030',0.00,17,'52560'),
	 (761,'Providencia','1.232864821','-77.598442123','526020',0.00,17,'52565'),
	 (762,'Puerres','0.854351651','-77.350325234','523540',0.00,17,'52573'),
	 (763,'Pupiales','0.916769831','-77.633369537','524520',0.00,17,'52585'),
	 (764,'Ricaurte','1.147671848','-78.05811118','525030',0.00,17,'52612'),
	 (766,'Samaniego','1.430555262','-77.691795591','526040',0.00,17,'52678'),
	 (767,'Sandoná','1.288105409','-77.456700683','522520',0.00,17,'52683'),
	 (768,'San Bernardo','1.529782485','-77.020706625','521001',0.00,17,'52685'),
	 (769,'San Lorenzo','1.542139582','-77.218726925','521540',0.00,17,'52687'),
	 (770,'San Pablo','1.681576627','-76.975279793','521040',0.00,17,'52693'),
	 (771,'San Pedro De Cartago','1.536823494','-77.101403249','521501',0.00,17,'52694'),
	 (772,'Santa Bárbara','2.494420411','-77.982564611','527501',0.00,17,'52696'),
	 (773,'Santacruz','1.285179376','-77.744574404','525570',0.00,17,'52699'),
	 (774,'Sapuyes','1.045287475','-77.71810954','525550',0.00,17,'52720'),
	 (775,'Taminango','1.591661392','-77.325253155','521560',0.00,17,'52786'),
	 (776,'Tangua','1.064078111','-77.350634907','523501',0.00,17,'52788'),
	 (777,'San Andrés De Tumaco','1.574550638','-78.615409629','528501',0.00,17,'52835'),
	 (778,'Túquerres','1.134440523','-77.63073238','525520',0.00,17,'52838'),
	 (779,'Yacuanquer','1.125547916','-77.424675688','523001',0.00,17,'52885'),
	 (780,'San José De Cúcuta','8.112041811','-72.488626408','540011',0.00,18,'54001'),
	 (781,'Ábrego','8.019834481','-73.158504846','546070',0.00,18,'54003'),
	 (782,'Arboledas','7.586048164','-72.917053152','544550',0.00,18,'54051'),
	 (783,'Bochalema','7.608509339','-72.659519092','543010',0.00,18,'54099'),
	 (784,'Bucarasica','8.079802239','-72.929199255','545550',0.00,18,'54109'),
	 (785,'Cácota','7.270560088','-72.652121526','544010',0.00,18,'54125'),
	 (786,'Cáchira','7.684188896','-73.129394812','546030',0.00,18,'54128'),
	 (787,'Chinácota','7.583353136','-72.583909779','541070',0.00,18,'54172'),
	 (788,'Chitagá','7.05161677','-72.525447458','544030',0.00,18,'54174'),
	 (789,'Convención','8.873159895','-73.200077686','547050',0.00,18,'54206'),
	 (790,'Cucutilla','7.502182366','-72.797034471','544520',0.00,18,'54223'),
	 (791,'Durania','7.746993206','-72.672080719','544510',0.00,18,'54239'),
	 (793,'El Tarra','8.678263671','-73.031759698','548050',0.00,18,'54250'),
	 (794,'El Zulia','8.081200092','-72.631521176','545510',0.00,18,'54261'),
	 (795,'Gramalote','7.906522991','-72.807055815','545050',0.00,18,'54313'),
	 (796,'Hacarí','8.361831987','-73.078263298','546510',0.00,18,'54344'),
	 (797,'Herrán','7.493955781','-72.492699981','542010',0.00,18,'54347'),
	 (798,'Labateca','7.218372474','-72.482815141','542050',0.00,18,'54377'),
	 (799,'La Esperanza','7.695233593','-73.361396723','546050',0.00,18,'54385'),
	 (800,'La Playa','8.256757875','-73.187893266','546530',0.00,18,'54398'),
	 (801,'Los Patios','7.742291094','-72.526807835','541010',0.00,18,'54405'),
	 (802,'Lourdes','7.963712759','-72.846702903','545070',0.00,18,'54418'),
	 (724,'Colón','1.636334379','-77.0473156','521060',0.00,17,'52203'),
	 (725,'Consacá','1.209066732','-77.440639207','522540',0.00,17,'52207'),
	 (726,'Contadero','0.932667458','-77.528087314','523080',0.00,17,'52210'),
	 (727,'Córdoba','0.78274688','-77.368059034','524001',0.00,17,'52215'),
	 (728,'Cuaspud Carlosama','0.875426999','-77.735916005','524560',0.00,17,'52224'),
	 (729,'Cumbal','0.944223274','-77.959584455','525001',0.00,17,'52227'),
	 (730,'Cumbitara','1.72559011','-77.592816372','526560',0.00,17,'52233'),
	 (731,'Chachagüí','1.386497844','-77.26969022','522001',0.00,17,'52240'),
	 (732,'El Charco','2.216382295','-77.995332339','527520',0.00,17,'52250'),
	 (733,'El Peñol','1.512283967','-77.430509342','522080',0.00,17,'52254'),
	 (734,'El Rosario','1.887689437','-77.483195889','527030',0.00,17,'52256'),
	 (736,'El Tambo','1.43026376','-77.383115973','522060',0.00,17,'52260'),
	 (737,'Funes','0.957786429','-77.395327805','523520',0.00,17,'52287'),
	 (817,'Toledo','7.225864961','-72.305934177','542030',0.00,18,'54820'),
	 (818,'Villa Caro','7.936293173','-72.987594182','546010',0.00,18,'54871'),
	 (819,'Villa Del Rosario','7.718635863','-72.483611758','541030',0.00,18,'54874'),
	 (820,'Armenia','4.499501128','-75.724899852','630003',0.00,19,'63001'),
	 (821,'Buenavista','4.366632382','-75.74403734','632040',0.00,19,'63111'),
	 (822,'Calarcá','4.467879428','-75.65674719','632001',0.00,19,'63130'),
	 (823,'Circasia','4.604845344','-75.666884494','631001',0.00,19,'63190'),
	 (825,'Filandia','4.669325347','-75.671469407','634001',0.00,19,'63272'),
	 (826,'Génova','4.180107773','-75.760566947','632080',0.00,19,'63302'),
	 (827,'La Tebaida','4.426884849','-75.819273353','633020',0.00,19,'63401'),
	 (828,'Montenegro','4.521890945','-75.818065942','633001',0.00,19,'63470'),
	 (829,'Pijao','4.30397934','-75.683304171','632060',0.00,19,'63548'),
	 (830,'Quimbaya','4.610273497','-75.792050869','634020',0.00,19,'63594'),
	 (831,'Salento','4.611314654','-75.530921122','631020',0.00,19,'63690'),
	 (832,'Pereira','4.803662773','-75.795790934','660001',0.00,20,'66001'),
	 (833,'Apía','5.139635357','-75.953538705','663030',0.00,20,'66045'),
	 (834,'Balboa','4.918349676','-75.942753858','662010',0.00,20,'66075'),
	 (835,'Belén De Umbría','5.200398696','-75.867938933','664040',0.00,20,'66088'),
	 (836,'Dosquebradas','4.842021144','-75.669936549','661002',0.00,20,'66170'),
	 (837,'Guática','5.320295966','-75.804366589','664010',0.00,20,'66318'),
	 (838,'La Celia','4.988127679','-76.008226782','662030',0.00,20,'66383'),
	 (839,'La Virginia','4.904704187','-75.852081623','662001',0.00,20,'66400'),
	 (840,'Marsella','4.942936185','-75.753213896','661040',0.00,20,'66440'),
	 (841,'Mistrató','5.414078141','-75.961353866','664020',0.00,20,'66456'),
	 (842,'Pueblo Rico','5.286295408','-76.073594212','663011',0.00,20,'66572'),
	 (843,'Quinchía','5.323906864','-75.713396832','664001',0.00,20,'66594'),
	 (844,'Santa Rosa De Cabal','4.833789828','-75.549501744','661020',0.00,20,'66682'),
	 (845,'Santuario','5.076100313','-76.02286946','663001',0.00,20,'66687'),
	 (846,'Bucaramanga','7.155833544','-73.111569971','680004',0.00,21,'68001'),
	 (847,'Aguada','6.182208476','-73.530385409','685521',0.00,21,'68013'),
	 (848,'Albania','5.788190519','-73.792369285','684531',0.00,21,'68020'),
	 (850,'Barbosa','5.955617327','-73.623452292','684511',0.00,21,'68077'),
	 (851,'Barichara','6.647062543','-73.215184663','684041',0.00,21,'68079'),
	 (852,'Barrancabermeja','7.054074558','-73.782116461','687032',0.00,21,'68081'),
	 (853,'Betulia','7.033255886','-73.378723879','686501',0.00,21,'68092'),
	 (854,'Bolívar','6.181715586','-73.920657034','685001',0.00,21,'68101'),
	 (855,'Cabrera','6.562543673','-73.250348922','683501',0.00,21,'68121'),
	 (856,'California','7.331565443','-72.951318254','680511',0.00,21,'68132'),
	 (857,'Capitanejo','6.520200095','-72.674352026','681541',0.00,21,'68147'),
	 (858,'Carcasí','6.659675274','-72.569684339','681521',0.00,21,'68152'),
	 (859,'Cepitá','6.752465533','-72.92924629','682061',0.00,21,'68160'),
	 (860,'Cerrito','6.903923173','-72.645363244','681501',0.00,21,'68162'),
	 (861,'Charalá','6.35099819','-73.061013821','682551',0.00,21,'68167'),
	 (862,'Charta','7.282973001','-72.978290565','680551',0.00,21,'68169'),
	 (863,'Chima','6.361627641','-73.401721444','683001',0.00,21,'68176'),
	 (864,'Chipatá','6.067944658','-73.632391317','685551',0.00,21,'68179'),
	 (865,'Cimitarra','6.40972961','-74.170304269','686041',0.00,21,'68190'),
	 (866,'Concepción','6.76062337','-72.618157347','681511',0.00,21,'68207'),
	 (867,'Confines','6.342314443','-73.25014013','683531',0.00,21,'68209'),
	 (868,'Contratación','6.303116611','-73.502115273','683071',0.00,21,'68211'),
	 (869,'Coromoro','6.234735779','-72.981768025','682531',0.00,21,'68217'),
	 (870,'Curití','6.608966483','-73.05897888','682041',0.00,21,'68229'),
	 (872,'El Guacamayo','6.236115743','-73.497760502','683061',0.00,21,'68245'),
	 (873,'El Peñón','6.123389691','-74.000403973','685021',0.00,21,'68250'),
	 (874,'El Playón','7.524284721','-73.181581916','687501',0.00,21,'68255'),
	 (875,'Encino','6.079061224','-73.062066649','682541',0.00,21,'68264'),
	 (876,'Enciso','6.65824115','-72.680279389','681561',0.00,21,'68266'),
	 (877,'Florián','5.801106291','-73.955249308','684541',0.00,21,'68271'),
	 (878,'Floridablanca','7.079704598','-73.067992503','681002',0.00,21,'68276'),
	 (879,'Galán','6.671810994','-73.324671243','684051',0.00,21,'68296'),
	 (880,'Gámbita','5.924383558','-73.319399336','683031',0.00,21,'68298'),
	 (881,'Girón','6.976734127','-73.205267004','687541',0.00,21,'68307'),
	 (882,'Guaca','6.9434341','-72.823698733','681031',0.00,21,'68318'),
	 (804,'Ocaña','8.206637527','-73.337650332','546552',0.00,18,'54498'),
	 (805,'Pamplona','7.379057623','-72.675903475','543050',0.00,18,'54518'),
	 (806,'Pamplonita','7.48287886','-72.635154009','543030',0.00,18,'54520'),
	 (807,'Puerto Santander','8.329138642','-72.411190655','548030',0.00,18,'54553'),
	 (808,'Ragonvalia','7.595355974','-72.507566221','541050',0.00,18,'54599'),
	 (809,'Salazar','7.772747824','-72.867699587','544570',0.00,18,'54660'),
	 (810,'San Calixto','8.414441404','-73.217603803','547010',0.00,18,'54670'),
	 (811,'San Cayetano','7.847872195','-72.609712034','545010',0.00,18,'54673'),
	 (812,'Santiago','7.889234454','-72.718254104','545030',0.00,18,'54680'),
	 (813,'Sardinata','8.215080767','-72.795809609','545530',0.00,18,'54720'),
	 (814,'Silos','7.180991879','-72.786178841','544050',0.00,18,'54743'),
	 (815,'Teorama','8.760013794','-73.157140966','547030',0.00,18,'54800'),
	 (816,'Tibú','8.713507237','-72.79925855','548010',0.00,18,'54810'),
	 (898,'Mogotes','6.492532315','-72.958347724','682501',0.00,21,'68464'),
	 (899,'Molagavita','6.643290559','-72.819162739','682031',0.00,21,'68468'),
	 (900,'Ocamonte','6.355368858','-73.122118331','682561',0.00,21,'68498'),
	 (901,'Oiba','6.225596216','-73.279615153','683021',0.00,21,'68500'),
	 (902,'Onzaga','6.335194548','-72.812058376','682521',0.00,21,'68502'),
	 (903,'Palmar','6.525876964','-73.282473371','683581',0.00,21,'68522'),
	 (904,'Palmas Del Socorro','6.391750107','-73.282731743','683541',0.00,21,'68524'),
	 (905,'Páramo','6.416631131','-73.171482319','683521',0.00,21,'68533'),
	 (906,'Piedecuesta','6.97082104','-73.014811964','681012',0.00,21,'68547'),
	 (907,'Pinchote','6.513892626','-73.175709863','683511',0.00,21,'68549'),
	 (908,'Puente Nacional','5.831129906','-73.678418153','684521',0.00,21,'68572'),
	 (910,'Puerto Wilches','7.398198257','-73.835469604','687061',0.00,21,'68575'),
	 (911,'Rionegro','7.474226085','-73.372464172','687511',0.00,21,'68615'),
	 (912,'Sabana De Torres','7.4065422','-73.571318074','687001',0.00,21,'68655'),
	 (913,'San Andrés','6.796483063','-72.816132023','682001',0.00,21,'68669'),
	 (914,'San Benito','6.076525355','-73.552953018','685531',0.00,21,'68673'),
	 (915,'San Gil','6.550778765','-73.118879111','684031',0.00,21,'68679'),
	 (916,'San Joaquín','6.459879823','-72.85471883','682511',0.00,21,'68682'),
	 (917,'San José De Miranda','6.629400185','-72.739764227','682021',0.00,21,'68684'),
	 (918,'San Miguel','6.568121541','-72.643224968','681551',0.00,21,'68686'),
	 (919,'San Vicente De Chucurí','6.894292346','-73.539003336','686531',0.00,21,'68689'),
	 (920,'Santa Bárbara','6.988084711','-72.896089334','681021',0.00,21,'68705'),
	 (921,'Santa Helena Del Opón','6.40890734','-73.582066089','685501',0.00,21,'68720'),
	 (922,'Simacota','6.494231551','-73.459109916','683561',0.00,21,'68745'),
	 (923,'Socorro','6.462088241','-73.244360009','683551',0.00,21,'68755'),
	 (924,'Suaita','6.101499739','-73.362257946','683041',0.00,21,'68770'),
	 (925,'Sucre','5.983203734','-73.959362354','685041',0.00,21,'68773'),
	 (926,'Suratá','7.475402063','-72.987799659','680501',0.00,21,'68780'),
	 (927,'Tona','7.170891099','-72.939704433','680541',0.00,21,'68820'),
	 (928,'Valle De San José','6.434578919','-73.10997171','682571',0.00,21,'68855'),
	 (929,'Vélez','6.00741043','-73.690572558','685561',0.00,21,'68861'),
	 (930,'Vetas','7.322219563','-72.881569005','680531',0.00,21,'68867'),
	 (931,'Villanueva','6.685867326','-73.16396916','684021',0.00,21,'68872'),
	 (932,'Zapatoca','6.813725566','-73.309750443','684061',0.00,21,'68895'),
	 (933,'Sincelejo','9.316673928','-75.431749665','700003',0.00,22,'70001'),
	 (934,'Buenavista','9.314972282','-74.980140573','702030',0.00,22,'70110'),
	 (935,'Caimito','8.792311599','-75.131910629','704010',0.00,22,'70124'),
	 (936,'Colosó','9.494043427','-75.345286931','707030',0.00,22,'70204'),
	 (937,'Corozal','9.160624283','-75.238581777','705030',0.00,22,'70215'),
	 (939,'Chalán','9.569584598','-75.324209075','701010',0.00,22,'70230'),
	 (940,'El Roble','9.036231591','-75.145750378','705050',0.00,22,'70233'),
	 (941,'Galeras','9.135169096','-74.981347057','702050',0.00,22,'70235'),
	 (942,'Guaranda','8.337828523','-74.687349255','703070',0.00,22,'70265'),
	 (943,'La Unión','8.811997799','-75.283222116','704050',0.00,22,'70400'),
	 (944,'Los Palmitos','9.422380117','-75.21302191','701050',0.00,22,'70418'),
	 (945,'Majagual','8.546148134','-74.710378834','703050',0.00,22,'70429'),
	 (946,'Morroa','9.392496685','-75.327187442','701070',0.00,22,'70473'),
	 (947,'Ovejas','9.549655271','-75.188559161','701030',0.00,22,'70508'),
	 (948,'Palmito','9.334940293','-75.561990273','706030',0.00,22,'70523'),
	 (949,'Sampués','9.165188649','-75.360274217','705070',0.00,22,'70670'),
	 (950,'San Benito Abad','8.835634919','-74.964693983','703010',0.00,22,'70678'),
	 (951,'San Juan De Betulia','9.292019071','-75.213635785','705010',0.00,22,'70702'),
	 (952,'San Marcos','8.589220102','-75.172499549','704030',0.00,22,'70708'),
	 (953,'San Onofre','9.814599536','-75.505229192','707010',0.00,22,'70713'),
	 (954,'San Pedro','9.396835638','-75.037418148','702010',0.00,22,'70717'),
	 (955,'San Luis De Sincé','9.256299047','-75.093970889','702070',0.00,22,'70742'),
	 (956,'Sucre','8.814333477','-74.747531312','703030',0.00,22,'70771'),
	 (957,'Santiago De Tolú','9.533810567','-75.535434694','706010',0.00,22,'70820'),
	 (958,'San José De Toluviejo','9.490297716','-75.444511154','707050',0.00,22,'70823'),
	 (959,'Ibagué','4.451921427','-75.252590995','730010',0.00,23,'73001'),
	 (960,'Alpujarra','3.390015064','-74.940782325','734560',0.00,23,'73024'),
	 (961,'Alvarado','4.582625784','-74.986306856','730520',0.00,23,'73026'),
	 (962,'Ambalema','4.803365246','-74.80998676','731001',0.00,23,'73030'),
	 (885,'Guavatá','5.944894844','-73.721736707','684501',0.00,21,'68324'),
	 (887,'Hato','6.559878299','-73.361788405','683571',0.00,21,'68344'),
	 (888,'Jesús María','5.872705896','-73.789974186','684551',0.00,21,'68368'),
	 (889,'Jordán','6.710814846','-73.121123602','684011',0.00,21,'68370'),
	 (890,'La Belleza','5.895724341','-74.046765754','685061',0.00,21,'68377'),
	 (891,'Landázuri','6.385234814','-73.78760899','686021',0.00,21,'68385'),
	 (892,'La Paz','6.21737437','-73.629771951','685511',0.00,21,'68397'),
	 (893,'Lebrija','7.204060063','-73.291380974','687571',0.00,21,'68406'),
	 (894,'Los Santos','6.812162934','-73.107850857','684001',0.00,21,'68418'),
	 (895,'Macaravita','6.513745303','-72.585364919','681531',0.00,21,'68425'),
	 (896,'Málaga','6.720222349','-72.738410914','682011',0.00,21,'68432'),
	 (897,'Matanza','7.348778319','-73.054389973','680561',0.00,21,'68444'),
	 (977,'Fresno','5.186694812','-75.052289947','731560',0.00,23,'73283'),
	 (978,'Guamo','4.076501341','-74.97657287','733540',0.00,23,'73319'),
	 (979,'Herveo','5.068553783','-75.243229587','731540',0.00,23,'73347'),
	 (981,'Icononzo','4.133276369','-74.539642569','734020',0.00,23,'73352'),
	 (982,'Lérida','4.866034592','-74.923371784','731020',0.00,23,'73408'),
	 (983,'Líbano','4.877936755','-75.047630757','731040',0.00,23,'73411'),
	 (984,'San Sebastián De Mariquita','5.235322593','-74.906680891','732020',0.00,23,'73443'),
	 (985,'Melgar','4.193215498','-74.605174974','734001',0.00,23,'73449'),
	 (986,'Murillo','4.826734468','-75.219939865','731060',0.00,23,'73461'),
	 (987,'Natagaima','3.540518203','-75.122009994','735001',0.00,23,'73483'),
	 (988,'Ortega','3.937793962','-75.278243144','735501',0.00,23,'73504'),
	 (989,'Palocabildo','5.094035737','-75.018450495','731580',0.00,23,'73520'),
	 (990,'Piedras','4.433764446','-74.99879938','730501',0.00,23,'73547'),
	 (991,'Planadas','3.09897343','-75.81684413','735070',0.00,23,'73555'),
	 (992,'Prado','3.729166649','-74.872477056','734520',0.00,23,'73563'),
	 (993,'Purificación','3.854281614','-74.874511547','734501',0.00,23,'73585'),
	 (994,'Rioblanco','3.468077548','-75.854811025','735580',0.00,23,'73616'),
	 (995,'Roncesvalles','4.097861181','-75.594280268','735550',0.00,23,'73622'),
	 (996,'Rovira','4.216730954','-75.347583635','733040',0.00,23,'73624'),
	 (997,'Saldaña','3.912542787','-75.018597615','733570',0.00,23,'73671'),
	 (998,'San Antonio','3.926088268','-75.509910041','735530',0.00,23,'73675'),
	 (999,'San Luis','4.057271684','-75.163208055','733001',0.00,23,'73678'),
	 (1000,'Santa Isabel','4.740827622','-75.200699463','730560',0.00,23,'73686'),
	 (1001,'Suárez','3.969210629','-74.844487379','733580',0.00,23,'73770'),
	 (1002,'Valle De San Juan','4.182125647','-75.171482368','733020',0.00,23,'73854'),
	 (1003,'Venadillo','4.70988172','-74.920898857','730580',0.00,23,'73861'),
	 (1005,'Villarrica','3.854384097','-74.618966231','734060',0.00,23,'73873'),
	 (1006,'Santiago De Cali','3.399043723','-76.576492589','760030',0.00,24,'76001'),
	 (1007,'Alcalá','4.6788971','-75.782979317','762040',0.00,24,'76020'),
	 (1008,'Andalucía','4.153314228','-76.160633411','763010',0.00,24,'76036'),
	 (1009,'Ansermanuevo','4.795927292','-76.029630488','762010',0.00,24,'76041'),
	 (1010,'Argelia','4.704287864','-76.141649985','761510',0.00,24,'76054'),
	 (1011,'Bolívar','4.393118861','-76.349820385','761001',0.00,24,'76100'),
	 (1012,'Buenaventura','3.493340766','-77.118728315','764501',0.00,24,'76109'),
	 (1013,'Guadalajara De Buga','3.819854318','-75.983124185','763041',0.00,24,'76111'),
	 (1014,'Bugalagrande','4.196852991','-76.089610303','763001',0.00,24,'76113'),
	 (1015,'Caicedonia','4.308997973','-75.836725668','762540',0.00,24,'76122'),
	 (1016,'Calima','3.923271619','-76.642604838','760530',0.00,24,'76126'),
	 (1017,'Candelaria','3.382091564','-76.383176631','763570',0.00,24,'76130'),
	 (1018,'Cartago','4.70684716','-75.917908459','762021',0.00,24,'76147'),
	 (1019,'Dagua','3.649822218','-76.720393465','760520',0.00,24,'76233'),
	 (1020,'El Águila','4.917562873','-76.066010008','762001',0.00,24,'76243'),
	 (1021,'El Cairo','4.756063701','-76.215028258','761501',0.00,24,'76246'),
	 (1022,'El Cerrito','3.656072873','-76.308417837','763520',0.00,24,'76248'),
	 (1023,'El Dovio','4.539979729','-76.287627013','761560',0.00,24,'76250'),
	 (1024,'Florida','3.304104295','-76.164773067','763560',0.00,24,'76275'),
	 (1025,'Ginebra','3.74410441','-76.19082004','763510',0.00,24,'76306'),
	 (1026,'Guacarí','3.759414991','-76.345182773','763501',0.00,24,'76318'),
	 (1027,'Jamundí','3.213892389','-76.627604178','764001',0.00,24,'76364'),
	 (1028,'La Cumbre','3.694303106','-76.589899052','760510',0.00,24,'76377'),
	 (1029,'La Unión','4.537937391','-76.103289827','761540',0.00,24,'76400'),
	 (1030,'La Victoria','4.483511142','-75.966773027','762510',0.00,24,'76403'),
	 (1031,'Obando','4.597588666','-75.949199698','762501',0.00,24,'76497'),
	 (1033,'Pradera','3.42063665','-76.178418412','763550',0.00,24,'76563'),
	 (1034,'Restrepo','3.806494973','-76.534898533','760540',0.00,24,'76606'),
	 (1035,'Riofrío','4.109500298','-76.371054433','761030',0.00,24,'76616'),
	 (1036,'Roldanillo','4.443571848','-76.168242493','761550',0.00,24,'76622'),
	 (1037,'San Pedro','3.98143244','-76.208361678','763030',0.00,24,'76670'),
	 (1038,'Sevilla','4.193411919','-75.888181633','762530',0.00,24,'76736'),
	 (1039,'Toro','4.638421279','-76.081061761','761520',0.00,24,'76823'),
	 (1040,'Trujillo','4.233268116','-76.342926988','761020',0.00,24,'76828'),
	 (1041,'Tuluá','4.02840797','-76.032503793','763022',0.00,24,'76834'),
	 (1042,'Ulloa','4.707718947','-75.778359026','762030',0.00,24,'76845'),
	 (964,'Armero','5.006758956','-74.847500949','732060',0.00,23,'73055'),
	 (965,'Ataco','3.37749064','-75.613732571','735050',0.00,23,'73067'),
	 (966,'Cajamarca','4.406971283','-75.497459183','732501',0.00,23,'73124'),
	 (967,'Carmen De Apicalá','4.123416795','-74.747002457','733590',0.00,23,'73148'),
	 (968,'Casabianca','5.007003948','-75.194577027','731520',0.00,23,'73152'),
	 (969,'Chaparral','3.743693084','-75.589866342','735560',0.00,23,'73168'),
	 (970,'Coello','4.315603867','-74.914702557','733501',0.00,23,'73200'),
	 (971,'Coyaima','3.775490271','-75.147202131','735020',0.00,23,'73217'),
	 (972,'Cunday','3.98252395','-74.689369077','734040',0.00,23,'73226'),
	 (973,'Dolores','3.597863274','-74.802566735','734540',0.00,23,'73236'),
	 (974,'Espinal','4.166476969','-74.893529408','733520',0.00,23,'73268'),
	 (975,'Falan','5.079256598','-74.957033717','732001',0.00,23,'73270'),
	 (976,'Flandes','4.242813257','-74.837086379','733510',0.00,23,'73275'),
	 (1056,'Aguazul','5.126121886','-72.548210167','856010',0.00,26,'85010'),
	 (1057,'Chámeza','5.228453404','-72.864968036','856030',0.00,26,'85015'),
	 (1058,'Hato Corozal','6.03948032','-71.524457518','852010',0.00,26,'85125'),
	 (1059,'La Salina','6.178282373','-72.346933772','851010',0.00,26,'85136'),
	 (1060,'Maní','4.675769488','-72.212802727','854010',0.00,26,'85139'),
	 (1061,'Monterrey','4.841308642','-72.847343398','855010',0.00,26,'85162'),
	 (1062,'Nunchía','5.529181235','-72.092519371','851070',0.00,26,'85225'),
	 (1063,'Orocué','4.915139133','-71.598739657','853050',0.00,26,'85230'),
	 (1064,'Paz De Ariporo','5.779915281','-70.86947037','852030',0.00,26,'85250'),
	 (1065,'Pore','5.663194953','-71.925808058','852050',0.00,26,'85263'),
	 (1066,'Recetor','5.263068507','-72.770818307','856050',0.00,26,'85279'),
	 (1067,'Sabanalarga','4.81119011','-72.99580655','855050',0.00,26,'85300'),
	 (1068,'Sácama','6.049906435','-72.210761632','851030',0.00,26,'85315'),
	 (1069,'San Luis De Palenque','5.274955665','-71.817492757','853030',0.00,26,'85325'),
	 (1070,'Támara','5.878927424','-72.200678221','851050',0.00,26,'85400'),
	 (1071,'Tauramena','4.697463691','-72.629224357','854030',0.00,26,'85410'),
	 (1072,'Trinidad','5.354527091','-71.254795186','853010',0.00,26,'85430'),
	 (1073,'Villanueva','4.528307719','-72.82314281','855030',0.00,26,'85440'),
	 (1074,'Mocoa','1.26070915','-76.665843491','860001',0.00,27,'86001'),
	 (1075,'Colón','1.204815876','-76.973768047','861040',0.00,27,'86219'),
	 (1076,'Orito','0.673756323','-76.943139229','862001',0.00,27,'86320'),
	 (1077,'Puerto Asís','0.433884539','-76.521582034','862060',0.00,27,'86568'),
	 (1078,'Puerto Caicedo','0.70416861','-76.498644148','862080',0.00,27,'86569'),
	 (1079,'Puerto Guzmán','0.746432215','-75.880229785','863001',0.00,27,'86571'),
	 (1080,'Puerto Leguízamo','0.0594719700001','-75.064793271','864001',0.00,27,'86573'),
	 (1081,'Sibundoy','1.228746922','-76.913075854','861020',0.00,27,'86749'),
	 (1082,'San Francisco','1.136071096','-76.847266606','861001',0.00,27,'86755'),
	 (1083,'San Miguel','0.272449048','-76.845104586','862040',0.00,27,'86757'),
	 (1084,'Santiago','1.036021482','-76.977516835','861060',0.00,27,'86760'),
	 (1085,'Valle Del Guamuez','0.42012589','-76.770670262','862020',0.00,27,'86865'),
	 (1086,'Villagarzón','0.911149515','-76.744954473','861080',0.00,27,'86885'),
	 (1087,'San Andrés','12.543115116','-81.717623824','880001',0.00,28,'88001'),
	 (1088,'Providencia','13.3511096','-81.373885489','880020',0.00,28,'88564'),
	 (1089,'Leticia','-3.530058784','-70.04513691','910001',0.00,29,'91001'),
	 (1090,'El Encanto','-1.997234795','-72.723615655','913010',0.00,29,'91263'),
	 (1091,'La Chorrera','-1.509799605','-72.444429655','914050',0.00,29,'91405'),
	 (1092,'La Pedrera','-1.550256503','-69.946028145','917010',0.00,29,'91407'),
	 (1093,'La Victoria','-0.125016381','-71.104878047','914300',0.00,29,'91430'),
	 (1094,'Mirití - Paraná','-0.687037553','-71.185504598','914600',0.00,29,'91460'),
	 (1095,'Puerto Alegría','-0.952145073','-73.757227478','913050',0.00,29,'91530'),
	 (1096,'Puerto Arica','-1.91085406','-71.148404895','912010',0.00,29,'91536'),
	 (1097,'Puerto Nariño','-3.631323222','-70.471990393','911010',0.00,29,'91540'),
	 (1098,'Puerto Santander','-1.101032624','-71.938933582','915010',0.00,29,'91669'),
	 (1099,'Tarapacá','-2.451794264','-70.006515353','911030',0.00,29,'91798'),
	 (1100,'Inírida','3.516363079','-68.008347279','940001',0.00,30,'94001'),
	 (1101,'Barrancominas','3.140558454','-69.697134231','944010',0.00,30,'94343'),
	 (1102,'San Felipe','2.312179782','-67.520605688','942010',0.00,30,'94883'),
	 (1103,'Puerto Colombia','2.582829542','-68.257990327','948840',0.00,30,'94884'),
	 (1104,'La Guadalupe','1.404540273','-67.001518001','948850',0.00,30,'94885'),
	 (1105,'Cacahual','3.38616245','-67.585079984','941010',0.00,30,'94886'),
	 (1106,'Pana Pana','1.981055294','-69.114400356','948870',0.00,30,'94887'),
	 (1107,'Morichal','2.421444806','-69.84001585','948880',0.00,30,'94888'),
	 (1108,'San José Del Guaviare','2.484286091','-71.919169926','950001',0.00,31,'95001'),
	 (1109,'Calamar','1.613634284','-73.0342639','953001',0.00,31,'95015'),
	 (1110,'El Retorno','2.143447362','-72.243648687','951001',0.00,31,'95025'),
	 (1111,'Miraflores','1.363974932','-72.018109505','952001',0.00,31,'95200'),
	 (1112,'Mitú','1.06148231','-70.46688401','970001',0.00,32,'97001'),
	 (1113,'Carurú','1.052762314','-71.33093035','973001',0.00,32,'97161'),
	 (1114,'Pacoa','-0.00834363999996','-70.543306099','975110',0.00,32,'97511'),
	 (1043,'Versalles','4.644242641','-76.259244825','761530',0.00,24,'76863'),
	 (1044,'Vijes','3.74365889','-76.470647175','760550',0.00,24,'76869'),
	 (1045,'Yotoco','3.904130354','-76.390804349','761040',0.00,24,'76890'),
	 (1046,'Yumbo','3.595913669','-76.5109879','760502',0.00,24,'76892'),
	 (1047,'Zarzal','4.35359875','-76.050653363','762520',0.00,24,'76895'),
	 (1048,'Arauca','6.796280825','-70.509211529','810001',0.00,25,'81001'),
	 (1049,'Arauquita','6.799338394','-71.298274293','816010',0.00,25,'81065'),
	 (1050,'Cravo Norte','6.39654349','-70.073811966','812010',0.00,25,'81220'),
	 (1051,'Fortul','6.750907234','-71.791242408','814050',0.00,25,'81300'),
	 (1052,'Puerto Rondón','6.411761829','-70.966789642','813010',0.00,25,'81591'),
	 (1053,'Saravena','6.906941714','-71.850707567','815010',0.00,25,'81736'),
	 (1054,'Tame','6.390650479','-71.791786468','814010',0.00,25,'81794'),
	 (1055,'Yopal','5.242744761','-72.25802857','850002',0.00,26,'85001'),
	 (1115,'Taraira','-0.719822209','-69.907762015','972040',0.00,32,'97666'),
	 (1116,'Papunahua','1.569312273','-70.911663147','977770',0.00,32,'97777'),
	 (1117,'Yavaraté','0.833312241','-69.618677544','978890',0.00,32,'97889'),
	 (1118,'Puerto Carreño','5.836529669','-68.141222336','990001',0.00,33,'99001'),
	 (1119,'La Primavera','5.517593607','-69.620440535','992001',0.00,33,'99524'),
	 (1120,'Santa Rosalía','4.968581012','-70.659970968','992050',0.00,33,'99624'),
	 (1121,'Cumaribo','4.262454746','-69.521404835','991001',0.00,33,'99773');     
INSERT INTO public.tte_carroceria (id,nombre,codigo) VALUES
	 (1,'EQUIPO DE LAVADO','42'),
	 (2,'PLATON','13'),
	 (3,'PLATAFORMA CON EQUIPO ESPECIAL','275'),
	 (4,'VAN','79'),
	 (5,'CAÑERO','237'),
	 (6,'GRANELERA','230'),
	 (7,'MODULAR','309'),
	 (8,'CERRADA','8'),
	 (9,'EQUIPO PETROLERO','98'),
	 (10,'BOTELLERO','11'),
	 (11,'CABINADO','21'),
	 (12,'ARTICULADO','201'),
	 (13,'DOBLE CABINA','25'),
	 (14,'MULTIPROPOSITO','312'),
	 (15,'PICK UP','12'),
	 (16,'PLATAFORMA CON ESTACAS DESMONTABLES','285'),
	 (17,'CARBONERA','319'),
	 (18,'EQUIPO IRRIGADOR DE ASFALTO','103'),
	 (19,'IRRIGADOR DE AGUA','102'),
	 (20,'VOLQUETE','295'),
	 (21,'FRACTURADOR','527'),
	 (22,'FRAC TANK','501'),
	 (23,'BOMBA','29'),
	 (24,'PLATAFORMA','813'),
	 (25,'CARROTALLER','484'),
	 (26,'CAMPAMENTO','512'),
	 (27,'Panel','33'),
	 (28,'CAMABAJA','69'),
	 (29,'PLANCHON','217'),
	 (30,'NIÑERA','18'),
	 (31,'GRÚA','16'),
	 (32,'HORMIGONERO','14'),
	 (33,'ESTIBAS','10'),
	 (34,'PORTACONTENEDORES','231'),
	 (35,'REPARTO','218'),
	 (36,'RECOLECTOR COMPACTADOR','6'),
	 (37,'TOLVA','5'),
	 (38,'VOLCO','4'),
	 (39,'CISTERNA O TANQUE','3'),
	 (40,'FURGÓN','2'),
	 (41,'ESTACAS','1'),
	 (42,'S.R.S','0');	 
